moh_code,MRID
548014280,111306-9999-2706
548034666,230401-0122-6401
543011028,120301-0246-2701
541074526,560304-0141-2706
542014140,530204-9999-2701
540014253,480803-0130-6001
541034278,430502-0122-2708
542014280,530704-0141-2715
547014121,550404-0222-2707
547061626,100501-0222-2713
550013230,801201-0201-5406
541074522,570402-0122-0405
542014221,530302-9999-2701
550073910,350301-0130-5401
550013229,801201-0101-4001
549042466,681401-0222-6401
545021160,010101-0122-6404
549011230,760202-0122-6409
547011179,270103-0230-2713
550028530,801701-0201-5406
545064851,600105-0122-2706
545031588,681202-0230-2716
546081709,570101-0130-2713
545034640,681201-0130-2716
543021245,150401-0222-6401
548024411,170411-0137-2701
540051812,510201-0122-6401
545051800,660701-0122-6401
547014131,550403-0522-2716
545074930,670301-0130-2701
551081580,570119-0122-6401
547011009,410604-0122-6401
545031430,690202-0122-6401
545024069,650404-0222-6401
545031435,690202-0222-6401
545021230,190103-0422-2701
551064435,640208-0301-2701
550013325,800703-0101-5406
551081514,570114-0322-6406
551081511,570114-0422-6406
544021080,190902-0122-0407
550028520,801707-0201-5406
543011030,160702-0122-0407
540051810,510105-0122-6401
550013072,340901-0217-4001
544021070,190902-0322-6416
547011173,411001-0241-6401
548014285,110806-9999-5401
548011290,110805-9999-6401
544101749,260105-0122-6401
548012285,110504-9999-3501
540034622,710801-0130-2701
545046692,640302-0101-2601
543063183,140203-0122-4801
541014082,541803-0222-2714
548024312,120211-0122-6401
549016101,760103-0141-4801
548024480,860102-9999-2713
542024315,570103-0122-2706
544101751,260106-0122-6401
540024530,710702-0130-2701
548011121,110405-0101-2713
548024475,120204-0201-2713
547033270,430102-0341-6416
546081707,570203-0122-2713
545031365,680106-0530-1701
552022310,290305-9999-4001
545031367,680106-0330-1701
550073912,830214-0101-2701
548024400,120601-0501-2713
548034521,120601-0101-2713
543014075,830102-0330-2701
542014228,530302-0199-2713
540022520,280301-0130-3501
540052796,510211-0130-3501
548024470,120204-0201-2713
545031555,780502-0122-0401
542014240,531401-9999-2701
544101750,260108-0122-6401
550013501,700301-0146-2713
549016100,760102-0141-2601
548024450,120501-0201-2713
548034523,120601-0101-2713
550053590,070104-0109-2801
547061625,100502-0130-2713
543011027,120301-0122-6401
542034420,520205-9999-5401
545031402,690102-0122-6411
548011004,110406-0130-3501
548034522,120601-0101-2713
546031234,020503-0130-3501
543064006,170701-9999-4801
550014461,801802-0401-2713
542014029,531101-0141-2713
540051779,510211-0122-6401
541054410,543901-0122-2706
543014020,160405-0130-2713
544074535,060406-0201-5401
541014084,541803-0322-2706
548011157,110103-0109-6401
545046693,640301-0101-3501
547014123,550402-0122-2501
548024310,120209-0130-2713
551142650,060401-0107-5401
542014160,531901-9999-0401
547014136,550402-0222-2501
544094621,190706-0230-2713
541024124,543201-0530-2713
545051802,660701-0322-6411
546081730,540301-0222-6401
551081588,570110-0222-6401
541014059,570202-0130-2701
547034265,430101-0130-2713
541011121,542802-0122-2706
542014235,531401-9999-2701
548011200,110702-9999-6401
547033269,430102-0241-6416
545046696,640303-0101-2601
548011203,170804-0130-3501
547064608,100901-0115-2713
543063187,190401-0130-2701
547011024,380102-0222-6401
548011155,110103-0509-0401
540031543,710101-0130-2713
548022300,120207-0104-6201
547014002,410604-0222-2901
548024435,170801-0201-2713
541011020,541106-0122-6401
548034590,170303-0201-2713
541031274,550501-0130-2713
541014095,542801-0130-2714
545051700,660601-0322-6401
551054361,830401-0322-6416
547084810,470301-0141-2713
541014071,541002-0222-6401
544064385,640206-0301-2713
551084510,570501-0230-2714
546091750,090102-0199-0401
550063687,290501-0201-4001
544101741,260401-0130-3501
547011025,380102-0122-6401
546061500,060104-0122-6401
551074480,830210-0130-2713
543063182,140201-0122-2706
546081698,570309-0130-2714
541014099,540723-0130-2706
544101799,200102-0222-6401
546061433,700201-0122-6401
544051209,240602-0330-3501
544101734,260102-0322-6401
543064002,130205-0130-2713
548024417,120601-0101-2713
546081705,570205-0122-2706
546061434,700201-0222-6401
550054358,780203-0130-3501
541014193,541101-0222-2706
542024320,520103-0115-2713
549016110,760102-0230-5401
547064598,100704-0115-2713
547064599,100903-0115-2713
541054420,541106-0222-2706
540051774,510211-0222-6401
541014076,540303-0322-6401
544064388,640206-0401-2713
542014028,531101-0141-2713
547014130,410106-0109-2710
545031636,690504-0122-6401
544014040,190402-0130-2713
545064894,420403-0222-6401
545021050,650402-0130-5401
550063681,290501-0101-0901
544104730,200501-0130-2713
541014077,540303-0222-6401
547014114,410304-0141-6401
550013324,800701-0130-5406
543054303,150305-0309-2706
541014079,540303-0122-6401
543021241,140301-0122-6401
551054369,830401-0422-6401
545021054,650403-0322-6409
540031541,710101-0230-2713
548011152,110103-0609-0401
540014220,480704-0122-2706
551054358,520201-9999-2701
541024132,542003-0222-2706
542014260,532001-0109-2707
545051792,660105-0122-6401
550063691,280104-0229-4001
551054366,830401-0222-6416
545022207,890101-0230-6001
551054362,830401-0122-6416
552033400,060102-9999-5401
546034232,020503-0230-2701
543054302,150305-0109-2706
546021137,030501-0222-0407
547011178,270103-0130-2713
541074521,570120-0122-6401
550014460,801802-0430-2701
550061605,370105-0122-6401
548024440,170601-9999-2713
545064899,420405-0222-6401
541011102,540722-0130-2714
547011020,411202-0222-2801
551064440,640205-0248-2701
545031630,681501-0122-0401
551031246,420404-0130-6201
541044305,542402-0130-2714
549012240,760202-0130-6201
540051682,030601-0130-2713
541054417,542601-0130-2714
549066412,070301-0330-6001
540014431,280103-0122-6401
544014010,190501-0130-2713
546012001,020102-0130-3501
543063186,140206-0109-4801
547011176,620202-0130-2713
545031543,680404-0230-2716
550013452,801015-0101-5406
547064592,100702-0115-2713
540014425,330101-0130-2713
549042467,681401-0130-3501
540052778,510402-0222-6401
544094612,190704-0231-5401
542014255,531601-0102-6001
547061603,100204-0322-6401
551054350,830204-0130-2713
540021496,280101-0101-5401
542024340,840501-0239-2701
546081726,570305-0130-2713
543021213,150401-0122-6401
550038561,800302-0101-5406
546081700,070902-0122-6404
551031242,420406-0222-6401
545031642,690504-0122-6401
547024203,430603-0230-2713
550013400,030101-0101-5406
543024216,140502-0222-2713
550063688,290501-0401-4001
550013428,800404-0101-5406
548034591,170303-0201-2713
551054355,770101-0130-2713
544101733,260102-0222-6401
551052374,830209-0130-2713
548034610,170303-0601-5401
550014468,580403-0101-2701
551111593,670203-0141-6401
541024116,543201-0530-2713
550013341,801008-9999-3101
550013051,330103-0101-5406
545044659,640402-0130-2713
543024218,140602-0130-2713
541014045,541104-0422-2701
541011085,541402-0322-6401
547011177,620202-0230-2713
550063752,320202-0141-0601
546081710,570121-0122-6401
540051769,520105-0122-2706
543021239,140112-0222-6401
545051795,660105-0422-6401
544051208,240104-0130-2701
545064841,600102-0130-2713
550064740,740406-0201-4001
547064593,100701-0115-2713
545054760,660502-0230-2713
545051793,660105-0222-6401
540045745,070104-0109-0901
543034240,830213-0101-2713
545021052,650403-0222-6409
545034570,681301-0130-2713
551074468,830206-0130-2713
544094617,190709-0130-2713
540051817,510604-0222-6401
545031553,310202-0130-6201
540041671,500501-0130-3501
550054356,830501-0101-2701
543074510,170201-0101-2713
548024449,120601-1401-2713
545031545,680404-0622-2716
545021057,650402-0122-6401
540011329,481108-0122-6401
547014051,411201-0130-2701
547061640,101001-0122-6401
547014050,400101-0130-2713
543021237,140301-0222-6401
543044260,140204-0209-4801
546081712,570310-0230-2713
540031555,711002-0122-6401
540022417,480807-0104-2706
550013410,030101-0201-4001
545051796,660105-0322-6401
540014426,481401-0209-2706
544051173,240101-0222-6401
544121911,270601-0222-6401
550013402,030101-0201-5406
545021056,650402-0422-6409
540014395,481801-0130-2713
541024115,543201-0530-2713
541024142,541003-0130-2713
541014070,541002-0122-6401
551063410,640206-0401-0601
550063686,290501-0101-4001
541074533,560101-0322-2701
547081812,620105-0230-2713
545031548,680404-0330-2716
544051210,240602-0130-2713
544031112,250201-0222-6409
550038566,480301-0230-5406
541031201,410606-0122-6401
545021245,580501-0122-6401
545021053,650402-0222-6401
547014132,550403-0122-2706
544072495,210302-0230-3501
545021125,690401-0130-2713
546054420,030202-0130-2713
547024208,550101-0122-6401
544074485,210302-0130-2713
540024508,280204-0130-2713
545024061,650404-0122-6409
544121902,270305-0222-6401
545034555,310202-0330-2713
548024446,170601-9999-2713
540014420,330101-0230-2713
545051829,660108-0122-6401
545051789,660111-0222-6401
545051710,660601-0522-6401
547061616,100202-0120-6401
550013071,801703-0117-6003
547014146,410102-0115-2706
540021495,280108-0101-0901
550063674,380106-0101-5401
547011101,410201-0122-6401
541011091,541709-0122-6401
549016040,761001-0141-5401
543011020,560203-0130-2713
543011029,170421-0130-2701
547014145,410102-0215-2706
540014380,481201-0130-2713
541064510,540411-0109-4801
545031556,780502-0222-2706
545021059,650402-0230-2701
544021076,190106-0122-6409
543054391,130305-0122-4801
544041152,140105-0130-2713
541044318,540412-0130-2713
551064415,640206-0301-2713
547064606,100904-0215-2713
551230385,770302-9999-3501
544111820,830301-0101-4804
545021022,700502-0222-6416
550014370,800101-0222-2706
550013150,802101-0101-5406
545051819,660104-0222-6401
540014268,481703-0104-2706
545030451,681102-0222-6401
541031277,550204-0122-6401
551081502,570112-0222-6401
543064007,130308-0130-4803
545051790,660111-0122-6401
540051811,510601-0122-6401
544011001,190501-0322-6401
548011001,110901-0109-0401
549042460,780401-0230-6201
547061601,100204-0122-6401
547081825,540102-0122-0401
547061648,101001-0422-6409
545021105,650305-0430-5401
545021058,650402-0322-6401
546081719,570310-0130-5401
544121906,270301-0222-6401
551230717,280107-0246-2701
541014064,770106-0130-2713
545031353,680803-0222-6401
547011093,370101-0101-0601
547015196,410302-0141-2801
540014371,481503-0122-6401
540014199,480204-0104-4803
545071956,670101-0122-0401
545044658,640405-0201-2704
551031238,690601-0122-6401
540041715,500701-0122-6401
545032630,030301-0146-2713
547014185,400301-0130-2713
540041700,500302-0122-6401
541044330,542401-0122-2701
544071455,210401-0130-3501
545031354,680803-0322-6401
551064427,640206-0401-2713
545021023,700502-0322-6416
548034550,170303-0101-2713
552011002,290101-9999-3601
540052699,510106-0222-6401
543054320,150302-0109-2706
548034547,170303-0101-2713
540021482,280108-0122-6401
550054371,160102-0104-4801
540031577,710201-0122-6401
551081512,570114-0222-6401
540044672,500501-0230-2713
540014360,481505-0104-2706
550013418,801101-0101-5406
543074501,170209-0101-2713
551054364,830402-0122-6401
550013342,800603-0230-5406
544014008,190501-0146-2713
540011110,481301-0122-2706
540074900,481901-0130-2701
547084803,470201-0222-6401
540011375,801001-0101-0601
551064451,640202-0201-2713
543054326,150305-0209-2706
551081849,540703-0146-2706
548034583,170303-0201-2713
549016048,760607-0241-4801
544011005,190501-0222-6401
549016047,760607-0141-4801
551094550,350103-0130-2701
542014150,530402-0134-2715
545031356,680803-0422-6401
551081583,570110-0122-6401
550038560,800405-0101-5406
547054380,440201-0141-6401
540011331,481108-0422-6401
551081510,570114-0122-0401
544101725,200501-0122-6401
540032640,481901-0230-6001
545034510,680701-0130-2713
547011006,410302-0143-4301
540052793,510103-0104-4803
546061520,060601-0104-2301
545021008,700705-0322-6401
541074523,570402-0222-0401
540011095,481301-0222-2706
543011039,560105-0130-2713
545031632,690502-0122-6401
540011232,480604-0422-6401
547011004,410912-0141-6401
544051253,240603-0122-6401
541011055,540419-0122-6401
544094610,190703-0130-2714
540031546,710103-0222-4801
548014110,111101-0130-2713
549014250,760201-0230-2701
550013060,330203-0101-4001
548034600,170303-0601-5401
549042465,681401-0122-6401
547064655,460101-0122-2706
540051708,511001-0222-6401
543054306,150305-0309-2706
545021020,650201-0622-2713
544051207,240104-0222-6401
542014203,531004-9999-4801
541011057,540419-0422-6401
548024408,120601-0401-2713
550063735,280209-0101-0901
550014507,802201-0146-5406
550064739,440108-0130-2713
548024445,170601-9999-2713
546031440,040203-0230-5401
545031470,690205-0122-6401
540051789,510103-0122-0407
551054371,830401-0255-6401
545021062,700501-0122-6401
543024214,140502-0422-2713
540011357,480305-0122-6401
546081711,570310-0230-2713
545021025,700502-0122-6416
541011060,541104-0122-6401
540014172,480202-0104-2713
545051828,660108-0322-6401
551031190,020101-0122-0401
540051777,510107-0222-6401
545051836,690101-0122-6401
540012050,480503-0130-3501
544101796,200103-0122-6401
547031280,400502-0141-6401
548024412,120601-0101-2713
541014069,542405-0130-2714
545064870,680106-0130-2713
545021352,680107-0230-2713
541014080,541802-0230-2714
545051750,660502-0122-0401
540031560,710403-0222-6401
551081850,540704-0122-2706
543044254,150202-0130-2713
543024212,140502-0122-2713
542014227,530601-0134-2713
544121900,270305-0122-6401
550013417,801101-0201-5406
543034244,140401-0230-2713
540021479,490303-0222-6401
540024496,010201-0222-2706
545021066,690302-0322-6401
549021288,542001-0130-2713
542014250,531502-0109-2707
548034650,170307-0101-2713
546024130,030402-0230-2713
548034552,170303-0101-2713
544051171,240101-0322-6401
545051715,660601-0422-6401
549072615,700103-0222-6201
547084802,470201-0122-6401
545031527,680405-0622-2708
543064004,170103-0101-3501
545021021,650201-0722-2713
540014020,480501-0122-4801
543024217,140502-0322-2713
547014090,411601-0130-2713
549012020,761001-0130-6201
545052755,660502-0130-6001
545021009,700705-0222-6401
549032360,770103-0130-6201
543054301,150305-0109-2706
550063727,340402-0101-0901
547014120,430401-0141-2706
549072700,780506-0130-5401
541011103,540722-0130-2714
551081561,570302-0122-2706
549012030,761001-0330-5401
543014128,160202-0609-2713
547054350,430801-0130-2713
544034130,250401-0130-2713
548024409,120601-0801-2713
540031630,481901-0222-6401
540051888,510801-0130-2713
545064898,420405-0122-6401
542014270,530704-0241-2715
547071724,450202-0241-6401
543054333,150402-0230-2713
550013160,510301-0129-4001
540023504,280209-0101-0901
543054330,150402-0130-2713
544101745,260405-0122-6401
548034660,170416-9999-2701
544094650,190708-0130-2713
541061525,540413-0130-5401
547033260,430102-0130-5601
548034546,170303-0101-2713
545051783,660702-0122-6401
551031239,690601-0222-6401
545031631,690501-0122-6401
545024063,650404-0322-6409
544101731,260402-0130-2713
547064590,100703-0115-2715
550013457,801007-0122-5406
544064415,190301-0130-2713
545021019,650201-0522-2713
545031401,690107-0122-6401
547014147,410105-0109-2701
540011302,481601-0222-6401
546041300,030702-0422-6402
550013014,230103-0101-5406
551104570,190201-0130-2713
543054315,150304-0122-2706
540014390,481801-0230-2713
546031238,020404-0322-2706
546014616,020303-0122-6401
545064891,030101-0130-2713
549066430,760303-0141-2601
550063684,290501-0201-0901
547051402,440104-0130-2713
545024060,651101-0130-2713
546031235,020404-0122-0401
540014195,480103-0104-2706
545051716,660601-0230-3501
545021024,700502-0422-6416
540031625,481901-0122-6401
548024413,120601-0101-2713
544121907,270304-0422-6401
550063743,320201-0144-4001
545031420,690201-0322-6401
543054316,150304-0222-2706
544101798,200102-0122-6401
545031377,680105-0230-6001
541011082,540202-0122-6401
547081826,540102-0222-0401
546065560,060409-0130-1701
540012160,480101-0230-4804
545021244,890101-0130-5401
550013344,800603-0130-5406
546031435,040203-0122-6401
544121926,270106-0322-6401
545031587,681202-0430-2713
551054390,830215-0104-2713
540031521,710103-0322-6401
540051763,510307-0122-6401
547014053,410702-0122-6401
548021455,120501-0122-6401
545031525,680405-0822-2708
545021203,890101-0330-2713
543054346,150302-0309-2706
540074850,482301-0330-2713
543021231,540404-0141-0401
546081725,570306-0130-2701
545044672,640401-0122-5601
541014091,540720-0130-2713
545024089,651401-0130-2713
548034620,170303-0401-2713
545023267,580201-0101-0601
550013456,801002-0201-5406
545064892,030101-0246-2713
540011231,480604-0322-6401
544051205,240602-0222-6401
544101752,260703-0222-6401
543054317,150304-0322-2706
550013330,700801-0101-5406
545031635,690105-0222-6401
545054595,660301-0230-5406
550063711,330301-0101-0901
545052780,660401-0130-3501
542024301,520301-0101-2713
540032580,720102-0101-6001
544101735,140109-0246-5401
550013429,910101-0101-5406
541011066,540405-0130-2713
540014379,481503-0230-4804
543024205,140503-0515-2713
541011030,541104-0222-2706
545031547,780305-0122-6401
543014150,150601-0122-2713
542014230,531001-0102-2713
540023503,280209-0101-0601
547084800,470101-0215-2713
547054405,440104-0122-2706
543054310,150305-0309-2706
550013419,801101-0101-5406
545064840,600101-0130-5401
550013455,801007-0122-5406
550013319,800701-0230-5406
547014140,410106-0209-2706
547081813,620105-0130-2714
544021093,190104-0122-6401
545031625,690109-0122-6401
547064602,100805-0115-2715
540021494,280209-0101-4801
544064390,640207-0101-2713
541044342,542403-0130-2713
546105810,230703-0122-5901
549021278,760801-0322-6401
540014430,280103-0130-5401
545031550,310202-0122-6401
543014025,160301-0130-2713
550063730,280209-0101-0901
550013321,380101-0201-5406
540014176,480201-0530-4804
543011044,560201-0246-2713
547014110,410108-0109-2706
541064518,541603-0230-2713
547014180,400302-0130-2714
550063611,370105-0101-0901
547061607,100602-0222-6409
544094640,760701-0146-2713
547064607,100904-0115-2713
544101790,240502-0130-2713
541011073,541712-0122-6401
541014040,541104-0322-2706
541044301,542402-0130-2714
547015190,400302-0422-2801
551111592,400202-0122-6401
542014266,530805-0238-2706
543054308,150302-0209-2706
550013323,800704-0146-5406
545021064,690302-0222-6409
543014127,160203-0909-2713
550063620,370301-0201-0601
540012210,480702-0130-6001
551054353,520201-0209-2706
548024423,170801-0301-2713
542014130,530401-0134-2715
541054419,800802-0130-2713
549014050,761001-0146-2713
550013409,580203-0201-5406
541064517,541603-0230-2714
547061602,100602-0122-6409
544054214,240103-0130-2713
551031230,700401-0122-6401
545031529,680405-0722-2708
541011099,541708-0122-6401
548011129,110404-0230-2701
540051815,510202-0122-6401
548024410,120601-0101-2713
550038565,330107-0101-4001
544031125,250401-0222-6401
550063613,370105-0301-0901
547071715,450201-0146-2713
550073955,130306-0130-3501
540011324,481108-0130-2701
545034625,680108-0230-2713
546024135,030402-0130-3501
546081703,070901-0222-6409
550063748,340103-0201-0901
550063717,280104-0130-3601
546012004,370201-0101-5401
546014617,060404-0130-3501
550013010,801401-0101-5406
540014197,480204-0204-4803
544024051,190901-0130-2713
540012248,480604-0230-2305
551054360,830403-0122-2706
543021233,140104-0122-6401
549016056,760606-0641-4801
541011093,140601-0130-5402
546021091,070701-0130-6001
540052777,510111-0130-6001
541044310,542402-0130-2714
540034625,710603-0122-4801
545024055,651101-0130-2713
541024130,541005-0130-2713
543011042,560201-0146-2713
541024143,542002-0130-2713
543054336,150302-0209-2706
545054730,660601-0330-2713
551081590,380304-0101-4001
544064360,190602-0130-2713
543054309,150302-0109-2706
540051803,510501-0222-6401
551054372,830401-0622-6401
544031120,250401-0122-6401
544021055,190901-0322-6418
546081717,570107-0322-2706
550013315,800603-0230-5406
546031232,020501-0130-3501
546081699,570309-0130-2714
542014276,530702-0103-2715
545031410,690201-0222-6401
545031523,780301-0122-6401
544051203,240102-0122-6401
544101753,260703-0322-6401
541074520,570111-0122-0401
544094620,190706-0130-2713
545031400,690201-0122-6401
550013440,800403-0101-5406
546051400,030202-0122-6401
540051760,510109-0122-6401
540034620,710802-0130-2713
550014166,800607-0130-5406
544094622,760901-0130-5401
545031627,680101-0141-6401
545031380,680802-0222-4801
549016050,760606-0241-6001
545021018,650201-0422-2713
541011199,541708-0222-6401
547084806,470203-0141-0401
551066400,640206-0101-5601
546063530,060201-0230-6201
549062570,780213-0122-6401
545021065,690302-0122-6409
544061400,191001-0122-0401
545021015,650201-0222-2713
551154740,870302-0430-2713
550063740,070104-0109-4001
547064580,100703-0115-2713
545051827,660108-0622-6401
544121904,270304-0222-6401
545032625,600301-0109-2706
541034277,430502-0146-2713
544031110,250201-0422-6401
545021051,650403-0130-3501
545071926,690701-0122-6401
548024455,170409-0137-2701
544031102,250104-0322-6409
545021091,651401-0122-0401
540031523,711001-0122-6401
551031244,420102-0122-6409
549016053,760604-0141-6001
549066415,070301-0141-2601
543064009,130307-0101-2713
548024467,060409-0130-1701
542014277,530702-0115-2715
547084807,470203-0241-0401
540014001,480502-0122-4801
540014245,480604-0222-2706
551081848,540722-0330-2714
541011101,540702-0130-2713
550013427,801102-0101-5406
543054332,150402-0230-2713
540011301,481603-0122-2706
551066405,640206-0201-4001
548024482,860102-9999-2713
541044340,541301-0109-4801
547011007,410302-0243-4301
547014004,410906-0141-6401
543014101,160101-0130-2713
545044650,640501-0122-4801
549072703,780505-0130-6201
540042665,500104-0130-3501
549016045,760606-0541-4801
543054331,150402-0230-2713
544094624,190706-0130-2713
541011035,541501-0130-2713
550013432,910101-0201-5406
544101754,260703-0122-6401
551064444,640214-0130-2713
550014330,800201-0122-4801
549021280,760403-0122-2706
545031546,680404-0230-2716
543014130,160203-0141-2713
551063412,640209-0101-0901
550063718,290201-0101-5401
545021248,580501-0122-2706
540022460,070104-0115-6001
546031233,020501-0230-2713
542014219,530201-9999-2713
550013355,570108-0130-2713
545031358,690108-0222-0407
543014132,160203-0146-2713
540012175,480201-0230-4804
540051766,510213-0222-6401
541011090,540723-0122-2706
550014503,120601-0601-4001
541024140,541003-0230-2713
546054382,040203-0130-2713
542034410,520203-0134-2713
549021275,760801-0222-6402
547061611,100303-0122-6401
541011025,541902-0122-0401
540021508,500304-0122-6401
550073920,350301-0201-0901
547011090,410802-0122-6404
546081720,570116-0130-2714
548034562,170413-0701-2713
540014262,481703-0122-2706
546081715,570107-0122-2706
549016052,760604-0341-6001
549016044,760606-0341-6001
541031202,410606-0222-6401
551074470,830210-0146-2713
540031542,710402-0122-6401
543074505,170201-0201-5401
540014003,481304-0104-4801
545031349,680803-0422-6409
545031345,680803-0322-6409
540044660,500104-0322-4801
552010091,230704-0201-0901
550063777,290305-0105-4001
545031641,690108-0122-0407
551054365,190501-0122-4801
543064005,170103-0101-2701
544121920,270301-0322-6401
550063726,340503-0101-0901
552010090,230704-0129-0901
547052515,440103-0146-3501
545021011,650201-0145-4301
541074538,560307-0341-2706
551031187,020101-0130-3501
544094600,190701-0130-2713
551124600,180401-0115-4801
546081708,570309-0130-2714
545051825,660106-0122-6402
540054760,510301-0122-2706
541034281,430103-0122-2713
540051808,510504-0122-6401
541014085,541801-0130-2714
540062810,482001-0130-3501
545031542,680404-0122-6409
550063721,330105-0101-0901
546053430,030202-0122-5901
545021016,650201-0322-2713
540051762,510301-0230-6001
549021281,570115-0130-5402
547061618,100303-0222-6401
550063621,370301-0101-0601
550063675,380106-0201-5401
548034500,170301-0101-5401
550014335,330105-0201-0601
540051813,510204-0122-6401
545034615,681002-0230-2713
545031549,310202-0222-6401
545024064,640102-0146-2713
545031505,680701-0222-6401
552033530,730101-0101-3601
550014169,800604-0130-5406
550014337,480303-0101-4001
543064003,690106-0122-6401
544121901,270301-0122-6401
547054480,440103-0130-2713
550048570,010202-0130-3801
550014170,800609-0130-5406
549066409,760603-0141-2601
544041150,140113-0130-2714
548011131,110404-0330-2701
546103800,230703-0101-4001
550063682,290501-0101-0901
544101703,200201-0241-6401
547014005,410601-0141-6401
546021135,030501-0122-6401
543084601,170204-0101-2713
544104770,200801-0130-2713
545071925,670301-0222-6401
547081804,110102-0141-0401
544031107,250104-0422-6409
551051395,830211-0130-2701
545031544,680404-0222-6409
540031570,711102-0122-6401
541044350,543202-0122-2706
544101718,700202-0122-0401
540011333,481110-0130-5401
545052815,660201-0230-6001
542034430,520202-0109-2701
550013015,801402-0101-5406
540022470,490302-0122-6406
551081550,570502-0122-0401
545064850,600701-0130-2713
541014073,542201-0222-2706
547064601,100805-0215-2715
540011381,481201-0222-4803
545054725,660601-0130-2713
545064839,600104-0130-2713
548012050,110103-0715-5406
542014030,531302-0130-2713
544094623,190706-0130-2713
547064609,100905-0152-2713
545021315,830106-0222-2706
544101765,260405-0222-6401
542024350,520106-0115-2713
551054351,830207-0107-5401
545021261,780207-0230-5406
544051201,240602-0122-6401
550063715,330303-0101-0901
545051787,660301-0122-6401
547064591,100804-0115-2715
550063670,330501-0101-0901
547064605,100801-0115-2713
549014255,780502-0230-2713
544071470,210303-0122-6409
544061410,190301-0122-6401
551031192,830303-0122-6401
549066474,070301-0241-5603
550014366,481101-0101-5406
540014135,480102-0122-2706
548034582,170413-0501-2713
547071702,450201-0341-6401
541024125,543201-0230-2713
545064880,600501-0122-4801
551064430,640208-0230-2713
546031236,020404-0222-6404
548034585,170413-1201-2713
548024419,170415-0130-2714
540014377,481503-0130-5401
545051813,660201-0122-6409
549016046,760606-0141-6001
550013320,700801-0101-5406
540031537,710202-0122-6401
541014093,540724-0122-2706
549016051,760604-0241-6001
548034572,170413-1601-2713
550063738,340202-0401-3601
545044671,640403-0230-2713
546012000,050104-0222-6401
550063696,541005-0130-2713
541044337,542404-0122-2701
549041400,780301-0130-6201
546065548,060301-0104-5901
543074503,170208-0101-2701
549031350,770103-0122-6401
550013210,801204-0301-5406
548034510,170301-0201-2713
548034596,170413-1301-2713
545051814,660201-0322-6409
545071960,670401-0222-6401
545052808,660701-0222-4801
544031104,250104-0122-6409
541015000,570122-0222-2706
541024149,541003-0330-2713
541014087,541801-0130-2714
547071710,450201-0241-6401
545051826,660107-0130-2713
540031631,710501-0122-6401
546021090,070801-0122-0401
540022462,490303-0130-6001
545024065,640102-0146-2713
545021310,610201-0141-6401
540022468,490101-0122-2706
545031455,690204-0222-6401
542024355,520106-0215-2713
550063680,330501-0101-0901
540014370,482402-0122-2706
543021246,150404-0141-2706
541024145,541006-0130-2713
540021492,010203-0101-0901
540051780,510210-0122-6401
545021010,700701-0522-3701
545051830,690104-0122-0405
548024314,120209-0301-0601
550013462,801004-0101-5406
545021307,830106-0122-2706
543014170,150601-0222-6401
551066410,310301-0101-5406
548024418,120601-0130-5601
545031450,690204-0122-6401
550014015,801401-0130-2713
540014140,480102-0104-2706
543024201,140503-0415-2713
541014098,543701-0222-2713
543014160,150601-0130-2713
545034618,681002-0330-2713
550013161,510304-0101-0601
540021520,280204-0130-2713
545031626,680101-0222-6401
543014080,830102-0130-2713
540021515,280204-0230-4801
550063692,280104-0101-4001
545031645,690103-0122-6409
543011033,280107-0130-5201
547011174,411001-0141-6401
541054415,541001-0122-2706
547064596,100701-0115-2713
540014248,480901-0104-2706
541014062,541105-0104-2706
545021119,651002-0122-6401
550014338,481501-0122-2706
550063685,290501-0401-0901
550013031,801503-0101-4001
541014096,541105-0122-2706
544011020,190501-0230-1501
550013025,801601-0101-5406
550038564,481112-0101-5406
550063728,340502-0101-0901
542024330,520107-0109-2701
541044314,542403-0130-2713
545064861,600102-0230-2713
548011128,110404-0222-6401
546025120,030402-0122-5901
540011229,480703-0104-2706
540021484,280207-0101-5201
545021325,650701-0122-6401
550063750,340103-0101-0901
540014255,480901-0204-2706
540014260,480806-0104-2706
541014063,541105-0204-2706
540052692,510508-0122-6401
550013424,800301-0130-5406
547014111,410109-0109-2706
545023266,580201-0122-5901
545051797,660105-0130-6201
540014256,480810-0104-2706
545071902,670601-0122-6401
550028510,010203-0101-5406
547034270,400502-0146-2713
545032620,681002-0130-5406
542014120,530401-0134-2715
546061515,060101-0122-6404
540041690,500301-0222-6401
540014265,481702-0122-2706
550063677,380103-0129-0901
548034580,170413-0501-2713
550063768,340306-0201-5603
545071900,670602-0222-6401
550014167,800606-0130-6003
546055442,310101-0101-0901
545051822,660107-0130-6201
541054402,543902-0130-2713
545024066,650404-0722-6401
550014165,800607-0130-5406
546081721,570201-0130-2701
548034598,170413-1001-2713
545022110,650305-0230-5406
550014462,801802-0301-5406
541064511,540418-0115-2713
550063746,340202-0301-4001
549086750,790101-0130-2713
544104750,220401-0130-2713
545031522,740104-0201-5406
541031204,410606-0130-3501
548034560,170413-0701-2713
540041701,500402-0122-6401
545021279,600402-0122-0401
544071513,210503-0130-3501
545021002,640102-0345-4301
545031599,680401-0122-2706
549066411,760303-0241-2601
551031160,110101-0141-0401
547014108,410301-0222-2701
550013055,330103-0201-4001
551031200,020201-0122-6401
547015192,400302-0222-0601
544101717,220201-0122-6409
551031241,420101-0122-6409
545071961,670401-0122-6401
551054382,830212-0104-4801
550014168,800605-0130-5406
547064594,100904-0115-2713
545031500,680701-0122-6401
550013209,801204-0101-6003
550063758,340301-0201-4001
543014116,160201-0646-2713
547033268,430102-0146-2713
550028532,060201-0130-5406
544101795,240502-0222-6401
550063630,370401-0130-5401
541011100,540702-0130-2713
547034250,430202-0115-2713
551081595,380304-0201-4001
544094605,190702-0130-5401
550035385,370401-0201-0901
546081704,570309-0230-2713
546012003,030702-0330-5406
551064450,640202-0201-2713
543011032,560201-0346-2713
551031175,110101-0146-2713
544061405,190101-0130-2713
540012247,480604-0130-2305
550011231,480604-0122-4801
548024430,170801-0401-2713
548034594,170413-1401-2713
550063652,730201-0201-0901
550064632,330107-0101-4001
547064600,100904-0115-2713
550013032,801503-0101-6003
547081805,110102-0241-0401
540014250,480804-0104-2706
550063807,380104-0201-0901
544074497,210301-0146-2713
550063770,340301-0101-5401
543014112,160201-0546-2713
544111800,830304-0101-4804
550063720,330105-0101-4001
547011015,410605-0122-6401
548024460,060405-0201-2713
540022473,490102-0222-2706
545071905,670602-0122-6401
547084808,470203-0146-2713
551031240,420402-0122-6401
540022469,490102-0122-2706
540054773,510304-0122-4801
550013200,801202-0101-6003
540012348,480301-0130-4804
543014114,160201-0646-2713
544121850,270501-0105-4801
540021476,490301-0130-2713
549021285,540719-0130-2714
547051415,070302-0146-1701
546014610,020102-0422-6402
551064445,640202-0101-2713
540052690,510106-0141-6401
550063733,740406-0201-4001
541074531,560303-0146-2713
548024451,170404-0137-2713
549072620,770202-0130-3501
546031438,040202-0122-0401
545031372,680802-0122-6416
550063676,380107-0129-0901
543034245,140402-0122-4801
544101746,260402-0222-6401
545071965,670404-0122-6401
550063737,060204-0101-4001
545021224,190103-0222-4801
540072840,482301-0130-6201
550063700,510301-0101-0901
540054770,510111-0130-2713
549042461,310201-0130-6003
544104781,200301-0130-3501
547034257,430201-0146-2713
550013035,801601-0101-4001
550013464,060402-0101-5406
550014504,801014-0201-5406
545031528,780208-0130-6201
541011072,541901-0122-4803
541044320,542301-0141-4801
540012285,330103-0230-3501
543074520,150503-0104-4801
545052805,660701-0130-3501
541061504,541602-0230-2713
550063690,380303-0101-0901
551054367,830402-0130-5401
550021516,010203-0222-2801
545031381,680802-0222-6416
543064000,130205-0230-3501
550014372,800101-0222-6409
548024420,170801-0201-2713
540031536,710702-0122-6401
541014075,540705-0130-2713
543021218,140701-0122-6401
541064516,540408-0222-2706
543021220,140701-0222-6401
547054460,440105-0322-2706
545044651,680901-0146-2714
549086751,790103-0130-6001
550063745,320202-0141-4001
551051390,070501-9999-4801
544061300,190603-0122-6401
545044670,640403-0130-2713
540031540,710401-0222-6401
551031150,110101-0241-0401
550054357,780203-0122-6401
545064860,700402-0230-2713
551082511,570501-0130-5406
551032170,110101-0146-3501
540051825,510214-0122-6401
542014042,531302-0130-2713
540011160,480201-0422-6401
548011100,111101-0122-6401
547054485,440101-0330-2701
547014052,400101-0130-2713
545021017,640102-0645-4301
543024222,140602-0230-2713
550014163,800104-0101-5406
551082510,570501-0330-5401
545021006,700701-0228-4301
548034570,170413-1601-2713
548011130,110404-0122-6401
550014336,800501-0130-5406
547011091,330401-0101-0601
543064011,130202-0130-6201
545021005,700701-0128-4301
540052791,510107-0130-5401
545021004,650403-0222-6401
543012010,160502-0130-5406
550063762,340306-0101-4001
547011002,410908-0122-6401
545031593,681303-0522-6409
550063774,340601-0101-4001
550014513,540401-0130-2713
540014174,480201-0522-6401
545034639,690503-0130-3501
545021007,700701-0328-4301
540012090,481302-0130-6201
545031391,680601-0230-6201
550014161,800102-0101-5406
541024120,543201-0230-2713
550013500,270109-0122-0401
540014366,481101-0130-2713
550013050,330103-0101-5406
547015197,410913-0241-6401
550013328,800601-0102-5406
540014002,481303-0104-4801
545021276,600201-0130-3501
550013420,801102-0101-5406
545024261,580203-0230-2713
545021256,800902-0101-5406
550013430,910101-0101-5406
545064897,030101-0230-2713
545021001,640102-0245-4301
547071700,450201-0141-6401
547054450,440105-0130-2706
541014002,541302-0222-4801
550063693,280104-0129-4001
550061609,370202-0101-0901
545022105,650305-0130-6201
547034252,400303-0141-6401
550063765,340301-0101-0901
547011001,410910-0141-6401
540014171,480202-0204-2701
547011095,410401-0122-6401
550013412,800903-0101-6003
547051431,440106-0230-6201
545034643,690505-0622-6409
545021012,650201-0245-4301
540012345,480303-0130-6001
540054779,510102-0122-6401
550063660,290402-0101-4001
545051837,690104-0222-0405
550013030,801601-0101-5406
545024260,580201-0130-2713
540032545,710401-0130-3501
545064896,030101-0530-2701
546052404,030201-0130-6001
550028500,330103-0301-5406
550063760,340301-0101-4001
550063772,340601-0101-0901
550013316,801901-0101-5406
547011019,410605-0130-2715
549066450,740403-0101-5601
543021230,140701-0622-6401
544071451,210401-0122-4801
546081714,540714-0130-2713
541061505,541602-0230-2713
541024155,543201-0330-2713
547011003,410910-0241-6401
541024133,541006-0130-2713
540230680,500601-0122-6401
541054401,543902-0130-2713
541074534,560306-0246-2713
550014515,801201-0141-2501
550038540,740201-0101-5406
543024220,140602-0230-2713
540012346,480302-0130-6001
546081722,760401-0130-2713
545021120,651003-0122-6401
540071830,482301-0122-6401
550038562,481110-0101-5406
546012002,050104-0130-3501
540052797,510701-0130-3501
545032550,680405-0130-5401
540024490,010201-0222-4801
540014270,480401-0104-4801
550063761,340306-0101-0901
541054405,543903-0130-2713
540061800,842001-0222-0407
550063790,730202-0101-5201
544071525,210201-0122-6401
550013027,481101-0101-5406
501014290,330103-0104-4801
545034620,680108-0330-3501
540014178,480201-0322-2706
546081716,540714-0130-2713
540014350,480302-0222-4801
545071931,690603-0228-4301
540011341,481701-0104-2701
545021250,580201-0122-6401
550073901,350301-0130-5401
540044710,482101-0104-4801
549041450,780401-0122-6401
540022465,490303-0222-4803
545071930,690603-0128-4301
540031538,710202-0222-6401
550013021,481106-0201-5406
540011112,481302-0104-2713
544021060,190901-0128-4301
547051470,440103-0141-6401
545034646,690505-0522-6401
540012349,480301-0222-4803
545023263,580201-0322-5901
551031232,700403-0122-6401
544071450,210402-0122-6401
545064867,830216-0130-2713
540011610,481802-0122-6401
545021150,010101-0322-6401
545021233,540410-0122-0401
545031403,681202-0122-6401
544101763,260107-0122-6401
541011088,541713-0222-0401
540011300,330202-0122-6401
545031378,680802-0122-6401
544074495,210301-0122-6401
540051761,510401-0222-0401
541011074,541403-0222-6401
546031240,020402-0122-6401
545054731,660602-0222-6401
541031279,550203-0122-6401
545021249,580502-0222-6401
541011077,541706-0222-0401
541011075,541403-0122-0401
545031610,681002-0322-6401
545031503,680201-0222-6401
550063708,510301-0422-6401
541064522,570403-0322-0401
540011055,480503-0122-6401
544051180,240501-0222-6401
547011060,410607-0122-6401
546031247,020804-0104-6401
540051764,510306-0122-6401
545031385,680202-0322-6401
545031534,680405-0522-6401
540041650,500104-0122-0401
545021225,190103-0122-0401
544031105,250105-0122-6401
550230722,320501-0122-0401
541021150,542004-0122-6401
545051818,660106-0422-6401
550063791,380105-0122-6401
540021478,490301-0122-0401
550061608,370104-0222-0401
545051785,660301-0222-6401
550061850,500201-0122-0401
551111590,400201-0122-6401
547011096,550302-0222-6401
545021068,690301-0222-0401
545031589,680401-0322-6401
540031605,720101-0222-6401
550061870,320101-0122-0401
544071472,210304-0122-6401
540031545,710103-0322-5901
546063510,060101-0222-5901
547051430,440106-0322-6401
548011151,110201-0122-6401
547054479,440103-0122-6401
540021509,500105-0122-6401
546081733,540501-0122-0401
550061606,370105-0122-0401
549066414,070301-0222-0401
540031579,710103-0122-5901
541014061,570406-0222-6401
551081570,570502-0422-0401
541011086,541713-0122-0401
543034250,880201-0122-0401
545031536,680405-0322-6401
541061501,543401-0122-0401
545051824,660109-0322-0401
544101710,200402-0122-6401
545023120,650305-0522-5901
541011079,541706-0122-0401
540011330,010204-0222-0401
545051815,660106-0222-6401
545051784,660104-0122-0401
540021500,280204-0122-0401
547015199,410701-0122-6401
543034242,140403-0222-0401
540011200,480702-0122-0401
545031382,680401-0422-6401
550061868,320101-0222-0401
540011155,480101-0222-0401
540041670,500501-0122-6401
540051770,510301-0322-6401
544051172,240501-0122-6401
544101747,260404-0222-6401
545021100,650305-0522-6401
545021252,400601-0222-6401
545021300,610101-0122-6401
547051420,440106-0122-6401
541024131,543201-0222-6401
545031371,680105-0122-6401
540230433,481101-0322-6401
545021200,890101-0222-6401
544101759,260406-0222-6401
540230430,481101-0422-6401
547061649,101102-0322-6401
548022305,830102-0122-6401
541011092,540202-0122-0401
540021507,280204-0222-0401
540014383,481201-0122-0401
547011092,550302-0122-6401
543011031,120701-0122-6401
540051775,510111-0122-0401
545031592,681303-0122-6401
543064407,150202-0122-6401
545051791,660111-0322-0401
544071510,210503-0122-6401
544101760,260107-0222-6401
541031275,550502-0122-6401
547071750,450301-0122-6401
551031210,170801-0122-6401
540052787,510404-0122-6401
545031628,700106-0122-6401
540031575,710701-0122-6401
551041300,580701-0122-0401
540051700,510901-0122-0401
545031379,680802-0222-6401
541021101,543201-0122-6401
546041315,070901-0104-5901
541064520,570403-0622-0401
545051817,660106-0322-6401
550061607,370104-0122-0401
545031605,681002-0122-6401
540052788,510702-0122-6401
545051775,660401-0122-0401
546063520,060201-0122-6401
544061370,190601-0122-0401
545031360,680106-0122-6401
540041730,500202-0322-6401
540041722,500102-0122-6401
545031538,680801-0122-6401
551081845,570501-0222-0401
546065562,060101-0122-5901
545021071,690301-0422-0401
545021069,690301-0322-0401
545021061,690301-0122-0401
540011150,480101-0122-0401
545031504,680201-0322-6401
540031578,720101-0122-6401
550011360,800101-0122-6401
545051705,660601-0222-6401
544071478,210304-0222-6401
551081582,542701-0122-6401
541014051,570403-0222-0401
547081828,540102-0322-0401
545023114,650305-0122-5901
541014020,543501-0222-6401
547061605,100205-0122-6401
540011340,480303-0122-6401
540011343,480301-0122-0401
540011344,480302-0122-6401
544021075,190902-0422-6401
544101740,260401-0122-6401
545034638,690503-0122-0401
545051816,660109-0122-0401
546023120,030402-0122-6401
547061620,100601-0122-6401
547061622,101301-0122-6401
547071760,450101-0122-6401
548021453,770303-0122-6401
541014090,570406-0122-6401
547051435,440107-0222-6401
547051436,440107-0322-6401
544031099,250101-0222-0401
544031097,250101-0122-6401
551081540,570501-0122-0401
547011170,410501-0122-0401
541011087,541402-0122-6401
546051402,030201-0122-6401
546065550,060301-0222-5901
540011327,481110-0122-6401
550063716,280104-0101-4301
545024323,650503-0322-6401
545031590,681303-0222-6401
551081560,570502-0222-0401
541011089,541713-0322-0401
545031531,680202-0122-0401
551104571,420202-0422-6401
544101767,260406-0322-6401
545051812,660109-0222-0401
545023230,190103-0322-5901
540011371,510107-0122-6401
541061520,540413-0122-0401
540041720,500401-0122-6401
545031370,680106-0222-6401
545031539,680801-0222-6401
541011010,541102-0122-6401
545051810,660201-0122-6401
540031571,711101-0122-6401
546081735,540504-0222-0401
544121903,270104-0122-6401
546031436,040201-0122-6401
540011320,481601-0122-0401
540031565,710403-0122-6401
540031585,720102-0122-6401
540031610,720501-0122-6401
540041655,500104-0222-0401
543011051,160601-0122-6401
544071475,210302-0122-6401
544101700,200601-0122-6401
545021235,580502-0122-6401
545021275,600201-0122-6401
546031230,020503-0122-6401
547061635,100603-0222-6401
541014060,542202-0322-0401
547051472,440103-0222-6401
545031506,680201-0422-6401
540051778,510505-0122-0401
545021323,650503-0422-6401
541031281,550304-0122-6401
548011111,110405-0122-6401
544101766,260406-0122-6401
547014055,411202-0322-0401
544101715,200402-0222-6401
543011050,160601-0222-6401
544071477,210304-0322-6401
545031350,680107-0122-6401
547051401,440104-0422-6401
540021510,280301-0122-6401
551081530,570501-0322-0401
541011070,541501-0122-6401
548011112,110401-0122-6401
551081500,570401-0122-6401
541014025,543501-0122-6401
541031273,550502-0222-6401
545021305,610101-0222-6401
545023115,650305-0222-5901
545031600,681002-0422-6401
547061600,100602-0322-6401
547081810,620101-0122-6401
551081581,542701-0322-6401
541061530,550303-0122-0401
540011080,481302-0222-0401
551105475,420203-0122-6401
542014107,531801-0109-2701
550063698,340303-0201-0901
548024462,060405-0101-2713
546014618,060405-0101-2713
544071460,210306-0122-6401
546081739,540706-0230-2713
546081706,570201-0122-2713
544094615,190705-0230-2713
545051794,660105-0130-2701
550053595,390303-0122-2801
550063662,730102-0101-5201
543014125,160202-0115-2713
543011052,160601-0130-2713
543024221,140505-0115-2713
549072640,780210-0130-6201
543014124,160202-0309-2713
542034440,530402-0209-2701
546081702,070901-0222-6409
546081104,520401-0130-2713
545024051,650403-0230-2713
543014126,160202-0115-2713
542024312,520301-0301-2713
547011008,410911-0122-4301
541014081,540723-0122-2706
546081772,570124-0122-6409
546081773,570124-0222-6409
541011094,540723-0422-2706
541014083,540723-0222-2706
551151855,870302-0130-2713
547011097,320203-0101-0601
550013202,801203-0101-6003
541024146,541003-0330-2713
545051835,660101-0130-2713
541011071,540702-0130-2713
540072845,482301-0222-6401
545071928,700107-0122-0401
540011085,481302-0122-0401
547061608,100203-0222-6401
552010033,770303-0222-6401
541024127,542006-0122-6401
543064408,150403-0130-2713
543064410,150202-0130-3501
547081807,620104-0130-2713
545022104,650305-0330-6201
546081701,070901-0107-1701
541011069,540702-0130-2713
552033401,860101-9999-6201
544101794,200104-0422-6401
544101791,200104-0141-6401
544101792,200104-0222-6401
543024219,140505-0215-2713
551081846,540722-0130-2714
544101793,200104-0322-6401
544101797,200104-0522-6401
541034279,430502-0222-2708
546061445,030402-0228-4301
551081847,540722-0130-2714
542024310,520301-0201-2713
540031581,710103-0422-5901
542014225,530301-9999-2713
547015195,410302-0122-4901
540011374,100503-0130-2701
540031829,720201-0122-6401
548011294,111201-0222-6401
548011154,110103-0409-6401
540011373,100503-0230-2701
540011372,100503-0330-2701
550014511,840202-0122-2701
551074481,700503-0122-2708
545030450,681102-0122-6401
546081727,570306-0230-2701
540011370,510205-0122-6401
540051814,510604-0122-6401
544064391,640208-0330-2701
543011001,160502-0222-6401
549072625,740305-0130-3501
548021456,120501-0321-3501
548034651,170305-0401-1601
547061604,100204-0222-6401
550021522,390303-0322-2801
540230750,500103-0122-0401
542014201,531004-9999-9999
540051703,510104-0130-3501
541034285,550403-0222-2716
543021247,150404-0241-2706
548024465,060407-0130-2713
545064893,420403-0122-6401
551034149,560301-0115-2701
545024085,110106-0130-2701
544121927,270106-0222-6401
544121925,270106-0122-6401
550013345,801901-0201-6401
541074525,560301-0215-2701
543064001,130205-0122-0401
540051806,510510-0122-6401
540034550,710401-0322-2701
551142652,060414-0204-4803
550013002,801902-0101-5406
547014118,840101-0141-2706
545021124,770201-0122-6401
547014117,430801-0230-2701
543054390,130305-0122-6401
543021235,140303-0322-6401
543021234,140303-0222-6401
550063705,330302-0101-0901
550013102,280401-0101-5406
541014006,541302-0101-5406
542014105,530901-9999-2701
543074500,170201-9999-2713
543034243,140403-0322-0401
548034514,170422-9999-2714
550013329,380101-0101-5406
550063775,800601-0101-5406
544031091,200104-0222-6401
544031092,200104-0322-6401
544031093,200104-0422-6401
544031094,200104-0522-6401
544031090,200104-0141-6401
542024345,840501-0239-2701
540051796,510701-0122-6401
551054388,030102-0122-2701
551064425,640206-0501-2701
552010030,770303-0222-6401
551154722,870101-0101-6001
551154728,870101-0101-1701
551154774,870302-0122-2713
551154771,870302-0222-2713
551230715,870302-0222-5401
551151852,870201-0137-2713
551151850,870201-0137-2713
551151854,870201-0137-2713
551154736,870204-0137-2713
551154724,870101-0201-1701
551151700,870101-0301-6001
545064895,030101-0630-2701
551154720,870101-0401-1701
551154726,870101-0101-6001
542024360,520101-0409-2713
540011250,510309-0122-6401
540022467,490201-0322-2706
548034378,510404-0222-6401
546014615,120506-0122-6401
541074590,630104-0130-2713
541074001,630108-0154-2715
541074000,630106-0230-4803
551151856,870201-0137-2713
551151857,870203-0137-2713
551031245,420404-0122-6401
541031276,550202-0122-6401
540054774,510111-0222-6401
547014109,410301-0241-6401
544031114,250201-0722-2713
546105830,230802-0101-2701
550013013,230103-0101-5406
550013327,800603-0130-5406
550013326,800603-0230-5406
550013414,800901-0101-5406
545064830,600103-0130-2713
545054790,660301-0130-2713
545021354,680107-0130-2713
545031478,690801-0122-6401
545031355,680109-0122-6401
545051748,660502-0222-0401
550021521,280203-0122-2801
540011368,481111-0122-6401
540074851,482201-0122-6401
543054304,150305-0109-2706
551081501,570401-0122-2701
546065563,060409-0130-1701
547064597,100903-0115-2713
547071722,450202-0141-6401
545064864,700402-0130-2713
542014205,531004-0102-2701
550063661,730201-0101-0901
546061422,780501-0122-6401
548034655,170307-0101-2704
550013317,800702-0130-5406
540031582,720301-0122-6401
545024330,650503-0130-2713
540051818,510216-0122-6401
548011201,130201-0105-4801
545031551,780502-0130-6201
551074469,700602-0122-6410
547011099,710602-0101-5401
548041700,170605-0104-4801
547014125,840401-0146-2701
550013001,802001-0101-5406
550013201,801205-0101-5406
550014509,802201-0101-5406
547081811,620204-0104-2301
541074530,560303-0109-2713
541074529,560303-0209-2713
550063694,320501-0101-5401
541054412,542006-0122-6401
551151858,870207-0130-2701
540051767,510602-0122-2706
549016054,760604-0441-6001
548011210,160102-0130-2701
540051804,510506-0122-6401
540051807,510503-0122-6401
540051802,510509-0122-6401
540052693,510507-0122-0401
540051801,510512-0122-6401
550063666,690203-0122-0401
547081808,110102-0146-2701
541014001,541103-0122-2706
544071480,210302-0322-6401
550013056,280203-0101-5406
547014129,410904-0122-6401
547014124,410914-0141-6401
545021277,600401-0222-6401
540051715,510110-0122-6401
545064900,420407-0222-6401
547011094,370101-0201-0601
549066410,760301-0141-5401
544064418,190601-0130-2701
550063672,710601-0101-0901
544094613,190705-0130-2713
544064405,191001-0130-2701
540021450,070104-0209-6401
550063669,070105-0101-4001
550063712,330303-0201-0601
550063714,330303-0201-0901
550063713,330304-0101-0901
544061351,190602-0122-0401
544061355,190602-0222-6409
551104577,420202-0222-6401
547011098,320203-0201-0601
544031128,250401-0230-3501
541014068,570102-0230-2713
550013426,570102-0101-5406
550013207,802401-0201-5406
541011012,541104-0522-6401
541054418,542601-0222-0401
550013411,580203-0301-5406
545021262,780207-0230-5406
543011035,560202-0109-2706
550014505,801010-0230-5406
541014003,541302-0122-2706
550013461,060203-0201-4001
541074536,560307-0141-2706
541074537,560307-0241-2706
541031282,550201-0122-6401
545021055,770201-0230-6201
547015191,400302-0230-0601
547014001,410302-0130-2701
545023231,580601-0130-6201
547011062,411202-0230-2701
547011063,411202-0422-2801
545023232,580204-0122-6401
547011061,411202-0230-2701
544051206,240102-0322-6401
545071985,670601-0130-2713
545021003,650403-0530-3501
548024463,060405-0301-2713
544061302,190603-0130-2701
540031520,710102-0122-0401
545071983,670703-0122-6401
545031421,690201-0130-3501
545021355,680301-0130-2706
545071984,670301-0322-6401
545031359,680103-0122-6401
545031440,690202-0222-0401
545032380,680106-0230-3501
545031638,681201-0122-6401
545031647,681201-0130-2716
545031357,680109-0146-6001
545054599,680602-0101-2701
545031390,680110-0122-0401
540012165,480101-0530-4804
550028533,801704-0132-5406
550028531,340506-0101-5406
540014396,070103-0104-2706
540052794,510403-0129-4801
540031590,720401-0122-6402
540051795,510505-0104-4803
540014355,480305-0222-6401
540014310,481602-0222-2706
540041702,500303-0122-6401
540044711,500303-0222-6401
540014405,481803-0230-2701
540014397,500101-0104-2706
547061627,100501-0122-2713
550013453,801810-0201-0601
543064411,150201-0130-3501
543064409,150201-0122-6401
543014123,160203-0109-2713
542024390,570113-0130-2713
551041302,580801-0130-2713
551041301,580801-0230-2713
547081809,620102-0122-2701
545021304,610102-0222-6401
545021309,610102-0122-6401
547061650,101101-0122-6401
543014171,150602-0122-6401
550013208,801204-0101-6003
546081738,540706-0130-2713
542034460,520204-0109-2701
540051753,510402-0322-6401
540051816,510203-0122-6401
551034220,170401-0137-5401
545064863,840201-0130-2701
547014134,430402-0141-5602
547034272,400304-0146-2701
542034450,520207-9999-2701
542014155,530402-0115-2713
540051768,510218-0122-6410
540051809,510215-0122-6401
540051820,510219-0122-6401
540031544,710103-0522-5901
541011011,541102-0222-6401
542014010,560101-9999-2706
542024361,520101-0315-2713
542024362,520101-0109-2713
543064401,150201-0130-2714
544064395,190302-0130-2701
545021278,600401-0122-6401
545051832,660101-0222-6401
545051833,660101-0322-6401
545051834,660101-0130-5401
545064842,600102-0330-2713
545064890,030101-0230-2713
545071927,670301-0122-6401
549062550,780405-0122-6201
550013454,801002-0201-5406
550014501,150501-0253-5401
550021515,010203-0122-2801
550063699,380201-0101-0901
550063780,340501-0101-4001
551031195,110106-0124-6401
551054356,520201-9999-2701
548011295,111201-0322-6401
545031519,780204-0130-6201
550028529,801702-0130-5406
545031520,780303-0130-6201
550063736,290304-9999-4001
545031583,680401-0222-6401
549035531,070301-0341-2601
543552356,570304-0130-2713
543063188,190402-0130-2713
544051001,830302-0204-4804
544051000,830302-0104-4804
553313355,570123-0130-2713
543014140,150601-0130-2713
550013346,801901-0101-5406
541111094,570117-0130-5402
547035533,620203-0122-2713
547035535,470301-0141-2713
549035532,760507-0141-4801
546111773,570105-0222-6401
540074852,482301-0530-2713
546081001,541707-0222-0401
541441355,540305-0222-6401
540441359,540201-0122-6401
541011104,540801-0130-2701
541011105,540701-0122-2701
542055353,531803-0134-4804
550013151,541704-0122-0401
550013152,541007-0222-6410
541014192,540723-0322-2706
541011545,540417-0322-6410
546081745,570107-0222-2713
541011107,160204-0222-2706
541011112,544103-0124-2713
541011113,544103-0224-2713
550013465,801022-0101-5401
550013467,801002-0201-5406
546081737,570201-0130-2701
546081750,570309-0230-2713
546081751,570309-0130-2714
546081752,570309-0130-2714
546081753,570309-0130-2714
546081754,570203-0122-2713
541011107    ,160204-0222-2706
