nhic_code,MRID
90000000014932,480202-0204-2701
90000000008819,380104-0201-0901
90000000022570,380104-0301-0901
90000000009915,190706-0130-2713
90000000009918,190706-0130-2713
90000000005330,280209-0101-0901
90000000023627,660107-0422-6401
90000000005423,280209-0101-0901
90000000002712,240102-0322-6401
90000000030865,280209-0101-0601
90000000025021,280209-0101-0601
90000000034011,650402-0322-6401
90000000032848,280209-0101-0901
90000000003321,430101-0130-2713
90000000007121,380106-0101-5401
90000000011257,370401-0201-0901
90000000010674,620202-0230-2713
90000000022211,040201-0222-4301
90000000028712,430603-0130-2713
90000000005452,640405-0201-2704
90000000031762,310202-0130-6201
90000000027735,640405-0201-2704
90000000033441,761001-0230-5401
90000000004574,120601-0501-2713
90000000007352,830209-0130-2713
90000000004436,430603-0230-2713
90000000005410,830213-0101-2713
90000000011026,481401-0209-2706
90000000005795,700801-0101-5406
90000000032464,760102-0141-2601
90000000033483,770105-0130-5401
90000000034517,542001-0130-2713
90000000011190,410201-0122-6401
90000000007137,190402-0130-2713
90000000034905,420404-0130-6201
90000000006894,570114-0122-0401
90000000030961,710401-0130-3501
90000000007339,110103-0609-0401
90000000014945,480202-0104-2713
90000000006173,290305-0105-4001
90000000004888,531601-0102-6001
90000000035386,640401-0122-5601
90000000032493,780401-0122-6401
90000000032550,070301-0241-5603
90000000032845,330105-0101-0901
90000000032508,760603-0141-2601
90000000032832,330105-0101-4001
90000000005740,640206-0301-2713
90000000032422,120211-0122-6401
90000000006906,481110-0130-5401
90000000000271,430103-0122-2713
90000000034284,542002-0130-2713
90000000005782,380303-0101-0901
90000000029081,280108-0101-0901
90000000025050,680108-0430-2713
90000000009172,130107-0130-2713
90000000032752,010202-0130-3801
90000000033063,290305-9999-4001
90000000029097,280108-0101-5601
90000000013301,680404-0222-6409
90000000030839,280108-0101-0901
90000000008047,640206-0301-2713
90000000013410,761001-0130-6201
90000000009931,190706-0130-2713
90000000030349,060101-0122-6404
90000000009239,160601-0130-2713
90000000024537,640210-0101-2701
90000000029936,482402-0222-2706
90000000009822,150304-0122-2706
90000000032451,760606-0141-6001
90000000009281,760606-0341-6001
90000000009297,760606-0241-6001
90000000008111,030101-0130-2713
90000000019616,100501-0222-2713
90000000017457,541802-0230-2714
90000000033008,640206-0101-5601
90000000014000,130101-0230-5402
90000000010033,130106-0130-2713
90000000003571,801102-0101-5406
90000000010007,260402-0130-2713
90000000032438,761001-0141-5401
90000000029776,760507-0141-4801
90000000015217,030101-0201-5406
90000000018056,541003-0330-2713
90000000008537,760701-0146-2713
90000000027722,640405-0101-2704
90000000007310,240104-0130-2701
90000000007816,680107-0230-2713
90000000009809,150304-0222-2706
90000000031922,030402-0130-3501
90000000014189,640101-0146-2713
90000000008832,340103-0201-0901
90000000011907,070301-0141-2601
90000000009425,830206-0130-2713
90000000033005,640206-0401-0601
90000000030362,700301-0146-2713
90000000004071,411601-0130-2713
90000000035658,760606-0241-6001
90000000009294,760606-0541-4801
90000000009268,760606-0641-4801
90000000018040,541104-0422-2701
90000000034191,560105-0130-2713
90000000033540,430102-0141-5601
90000000021423,760604-0241-6001
90000000012436,710101-0130-2713
90000000010725,830401-0322-6416
90000000010728,830401-0222-6416
90000000012433,710101-0230-2713
90000000012193,670301-0122-6401
90000000021468,760604-0141-6001
90000000010741,830401-0122-6416
90000000009800,150304-0322-2706
90000000012087,800701-0130-5406
90000000021452,760604-0341-6001
90000000012247,480301-0230-5406
90000000029225,230103-0201-5406
90000000029148,430103-0122-2713
90000000032794,370401-0130-5401
90000000006961,650403-0130-3501
90000000008204,130205-0130-2713
90000000011898,210301-0146-2713
90000000020244,480303-0104-2701
90000000005385,280209-0101-4801
90000000010645,430102-0241-6416
90000000006583,681002-0230-2713
90000000019261,400302-0222-0601
90000000004859,761001-0146-2713
90000000030500,680107-0230-2713
90000000024076,740303-0130-6201
90000000001437,680107-0130-2713
90000000009729,570203-0122-2713
90000000012548,010201-0222-4801
90000000010648,430102-0341-6416
90000000006554,430502-0146-2713
90000000028510,570307-0130-2713
90000000005798,700801-0101-5406
90000000028632,100413-0122-6401
90000000005891,910101-0101-5406
90000000009303,760303-0141-2601
90000000006118,470203-0146-2713
90000000030176,543903-0130-2713
90000000000950,070401-0122-2701
90000000032521,760303-0241-2601
90000000033755,330501-0101-0901
90000000021237,541005-0130-2713
90000000034213,540412-0130-2713
90000000010661,620202-0130-2713
90000000009540,560201-0346-2713
90000000012763,190201-0130-2713
90000000004404,480305-0122-6401
90000000013128,760303-0341-2601
90000000004340,531401-9999-2701
90000000007163,680106-0130-2713
90000000032002,700201-0122-6401
90000000026271,430202-0115-2713
90000000002568,430201-0146-2713
90000000006484,530704-0241-2715
90000000030663,440108-0130-2713
90000000011702,400301-0130-2713
90000000008127,410604-0222-2901
90000000015201,030101-0246-2713
90000000009716,570203-0122-2713
90000000032496,780401-0230-6201
90000000001738,541006-0130-2713
90000000011827,690401-0130-2713
90000000012311,030101-0246-2713
90000000003254,543902-0130-2713
90000000034175,540706-0130-5402
90000000023749,670401-0322-0601
90000000024579,070901-0104-1701
90000000021676,330105-0101-4001
90000000007448,543201-0230-2713
90000000027575,670203-0522-6401
90000000007951,340402-0101-0901
90000000005955,660601-0130-2713
90000000010959,801101-0101-5406
90000000005958,660601-0330-2713
90000000007365,440105-0130-2706
90000000003417,570310-0230-2713
90000000018460,440103-0130-2713
90000000029555,542802-0122-2706
90000000033252,640303-0101-2601
90000000012872,540401-0130-2713
90000000032803,330501-0101-0901
90000000034335,570305-0130-2713
90000000009960,510106-0141-6401
90000000005804,150601-0130-2713
90000000021359,740405-0141-5603
90000000033377,670203-0222-6401
90000000032672,801802-0301-5406
90000000001995,650701-0122-6401
90000000002302,170303-0201-2713
90000000003664,440108-0130-2713
90000000009008,550402-0122-2501
90000000024047,070801-0122-0401
90000000031246,240102-0122-6401
90000000025185,340405-0101-0901
90000000035405,030101-0230-2713
90000000006009,651101-0130-2713
90000000016313,801001-0101-0601
90000000008861,200501-0130-2713
90000000005221,340503-0101-0901
90000000018287,160201-0846-2713
90000000015381,760301-0341-2601
90000000035357,060102-9999-5401
90000000033454,780502-0230-2713
90000000008089,450201-0146-2713
90000000009159,510304-0101-0601
90000000009306,681301-0130-2713
90000000006865,481303-0104-4801
90000000010619,430102-0146-2713
90000000005916,220401-0130-2713
90000000035274,760401-0130-2713
90000000012561,010201-0222-2706
90000000002619,470101-0215-2713
90000000005631,410605-0130-2715
90000000012353,400101-0130-2713
90000000017441,600102-0122-2713
90000000006240,030402-0230-2713
90000000032877,340103-0101-0901
90000000003068,681202-0430-2713
90000000031515,651003-0122-6401
90000000006391,481304-0104-4801
90000000008169,670401-0122-6401
90000000008031,480502-0122-4801
90000000007403,400502-0146-2713
90000000009050,030301-0146-2713
90000000002129,060201-0230-6201
90000000006038,730201-0101-0901
90000000000870,330303-0101-0901
90000000002786,030101-0201-4001
90000000011978,380101-0101-5406
90000000022173,040201-0130-2713
90000000009595,640102-0146-2713
90000000008387,710202-0222-6401
90000000022903,100904-0215-2713
90000000005913,190709-0130-2713
90000000029337,800603-0230-5406
90000000008400,710202-0122-6401
90000000033989,650402-0122-6401
90000000008060,370301-0101-0601
90000000008124,410910-0141-6401
90000000014826,480201-0122-2706
90000000006256,650305-0430-5401
90000000030637,650305-0430-5401
90000000007996,640208-0230-2713
90000000010988,160101-0130-2713
90000000001261,650403-0222-6401
90000000004885,830210-0146-2713
90000000031682,580201-0101-0601
90000000006785,700402-0230-2713
90000000023935,640206-0401-0601
90000000011417,600402-0122-0401
90000000012164,440101-0101-2713
90000000031137,190901-0322-6418
90000000034559,543201-0330-2713
90000000030772,480201-0230-4804
90000000034886,481701-0104-2701
90000000010302,570402-0122-0401
90000000034027,650402-0130-5401
90000000008182,670401-0222-6401
90000000029488,420406-0222-0407
90000000025374,700402-0130-2713
90000000024861,440105-0422-2706
90000000012324,030101-0201-5406
90000000012814,800301-0130-5406
90000000016688,480602-0104-2701
90000000004382,482101-0104-4801
90000000012244,480401-0104-4801
90000000012801,110101-0146-2713
90000000008781,411201-0130-2701
90000000003190,140701-0222-6401
90000000008890,801802-0401-2713
90000000003174,860102-9999-2713
90000000007397,690302-0322-6401
90000000004801,280107-0130-5201
90000000008954,140503-0515-2713
90000000022500,340103-0201-0901
90000000001578,500501-0230-2713
90000000004058,520203-0134-2713
90000000033880,543201-0530-2713
90000000010251,780505-0130-6201
90000000010296,570402-0222-0401
90000000018546,110402-0201-0901
90000000012721,670101-0122-6401
90000000005647,830212-0104-4801
90000000035088,140401-0230-2713
90000000006772,800903-0101-6003
90000000009319,681201-0130-2713
90000000032614,330203-0101-4001
90000000012202,480501-0122-4801
90000000010972,801101-0101-5406
90000000004491,150601-0122-2713
90000000005077,500601-0122-6401
90000000019629,100501-0322-2713
90000000008986,681002-0330-2713
90000000003065,681202-0230-2701
90000000005538,531101-0141-2713
90000000032861,010203-0101-0901
90000000005596,801204-0101-6003
90000000027312,691001-0107-6201
90000000007778,120204-0201-2713
90000000033893,543201-0530-2713
90000000017486,060411-0104-4803
90000000009361,801202-0101-6003
90000000013170,120204-0201-2713
90000000013359,740104-0101-5406
90000000004398,531302-0130-2713
90000000009188,340502-0101-0901
90000000011529,680601-0230-6201
90000000035245,680404-0622-2716
90000000003584,801102-0101-5406
90000000006599,460101-0122-2706
90000000030583,482101-0104-4801
90000000022413,801802-0430-2701
90000000033838,170801-0301-2713
90000000007656,780301-0130-6201
90000000025066,190707-0122-6401
90000000018431,801201-0101-5406
90000000009412,380103-0129-0901
90000000011869,640202-0201-2713
90000000005346,110404-0222-6401
90000000025947,020404-0222-6404
90000000003920,800603-0130-5406
90000000000447,120601-0101-2713
90000000008877,801802-0430-2701
90000000004734,910101-0101-5406
90000000011949,800606-0130-6003
90000000004763,410913-0141-6401
90000000011776,830301-0101-4804
90000000027549,120504-0204-2301
90000000012135,800601-0102-5406
90000000004244,650503-0130-2713
90000000007720,120207-0104-6201
90000000034514,531101-0141-2713
90000000002347,410802-0122-6404
90000000022484,340103-0101-4001
90000000005689,120501-0201-2713
90000000017268,410106-0109-2710
90000000005727,640206-0401-2713
90000000016153,120206-0130-6201
90000000006730,190704-0231-5401
90000000004814,190708-0130-2713
90000000009223,830207-0107-5401
90000000025649,481112-0101-5406
90000000010632,430102-0130-5601
90000000004042,520205-9999-5401
90000000004657,120601-0101-2713
90000000032643,800403-0101-5406
90000000000473,570119-0122-6404
90000000002510,330103-0104-4801
90000000032646,801007-0122-5406
90000000000854,170804-0130-3501
90000000010184,270109-0122-0401
90000000001735,801601-0101-5406
90000000009332,690503-0130-3501
90000000003609,670602-0222-6401
90000000004196,380304-0201-4001
90000000013141,150601-0130-2713
90000000013580,270109-0122-0401
90000000010581,440103-0130-2713
90000000013631,370101-0101-0601
90000000000027,310201-0130-6003
90000000032505,780213-0122-6401
90000000033226,801204-0101-6003
90000000011132,660301-0130-2713
90000000004686,660502-0130-6001
90000000010376,190501-0146-2713
90000000011789,120209-0130-2713
90000000000213,800603-0130-5406
90000000008848,200501-0122-6401
90000000006416,040203-0230-5401
90000000015477,651201-0101-5406
90000000011430,680701-0130-2713
90000000032031,060101-0122-6404
90000000033784,170415-0130-2714
90000000012910,370101-0101-0601
90000000014865,480201-0330-4804
90000000007560,410108-0109-2706
90000000013618,370102-0101-0601
90000000004462,830304-0101-4804
90000000024941,030202-0230-6201
90000000005862,580203-0201-5406
90000000008018,640206-0401-2713
90000000000444,120601-0401-2713
90000000011975,800605-0130-5406
90000000010565,801703-0117-6003
90000000006897,330107-0101-4001
90000000032342,110404-0122-6401
90000000013522,411101-0128-6301
90000000011962,800102-0101-5406
90000000000748,670601-0130-2713
90000000013317,330103-0201-4001
90000000030375,801201-0101-4001
90000000005090,500104-0322-4801
90000000008592,560303-0246-2713
90000000030903,711102-0122-6401
90000000003350,531901-9999-0401
90000000009021,410106-0109-2710
90000000004029,430801-0130-2713
90000000032566,780506-0130-5401
90000000032400,110504-9999-3501
90000000012683,170301-0101-5401
90000000006714,410910-0241-6401
90000000006586,530601-0134-2713
90000000021343,760607-0141-4801
90000000002116,800607-0130-5406
90000000024249,060404-0104-2303
90000000020398,410801-0122-6404
90000000007967,640209-0101-0901
90000000026024,040203-0130-2713
90000000009582,640102-0146-2713
90000000009989,140502-0122-2713
90000000032047,060301-0104-5901
90000000017633,010203-0101-5406
90000000025210,340306-0101-3601
90000000031964,020105-0222-6001
90000000035072,140602-0230-2713
90000000002917,480201-0530-4804
90000000007964,340301-0101-5401
90000000021346,760607-0241-4801
90000000012737,370201-0101-5401
90000000030416,170303-0201-2713
90000000005439,240602-0130-2713
90000000000364,600701-0130-2713
90000000015791,380101-0201-5406
90000000035046,830216-0130-2713
90000000007589,690701-0122-6401
90000000006429,040203-0130-2713
90000000006903,330107-0101-4001
90000000033034,770302-9999-3501
90000000001687,520301-0101-2713
90000000002293,170303-0201-2713
90000000032999,070501-9999-4801
90000000024563,070901-0104-2301
90000000008752,681401-0130-3501
90000000011010,800302-0101-5406
90000000010526,170303-0201-2713
90000000007935,481503-0230-4804
90000000001450,140502-0322-2713
90000000034082,540405-0130-2713
90000000031736,780305-0122-6401
90000000000588,690603-0128-4301
90000000034287,140601-0130-5402
90000000010453,200301-0130-3501
90000000006269,600103-0130-2713
90000000008002,640207-0101-2713
90000000011177,690202-0122-6404
90000000005753,170209-0101-2713
90000000006717,190706-0230-2713
90000000005602,440106-0230-6201
90000000031884,020102-0422-6402
90000000010568,340901-0117-4001
90000000007858,510211-0122-6401
90000000002280,170413-1401-2713
90000000007900,090102-0199-0401
90000000010155,030201-0130-6001
90000000006746,530401-0134-2715
90000000033101,130202-0130-6201
90000000033569,860102-0534-2713
90000000031749,310202-0222-6401
90000000030269,800405-0201-5406
90000000009973,140502-0422-2713
90000000010440,800902-0101-5406
90000000031855,020102-0130-3501
90000000013154,780208-0130-6201
90000000030785,480303-0130-6001
90000000010783,510204-0122-6401
90000000010129,800104-0101-5406
90000000032983,420102-0122-6409
90000000002267,170413-1601-2713
90000000001277,650403-0222-6409
90000000009976,140502-0222-2713
90000000008249,550403-0522-2707
90000000003680,740406-0201-4001
90000000002033,510219-0122-6401
90000000003212,140701-0122-6401
90000000008464,070701-0130-6001
90000000004532,170413-0501-2713
90000000027110,260602-0422-6401
90000000012532,480102-0122-2706
90000000025675,810201-0122-5406
90000000035520,060409-0130-1701
90000000002113,800607-0130-5406
90000000008291,130110-0130-2713
90000000013596,150307-0309-2706
90000000007502,770106-0130-2713
90000000008768,681401-0122-6401
90000000033294,490303-0130-6001
90000000002373,780203-0130-3501
90000000005372,730202-0101-5201
90000000002007,510216-0122-6401
90000000009864,160203-0209-2713
90000000004721,170404-0119-2701
90000000009374,801402-0101-5406
90000000007704,660201-0230-6001
90000000013032,801015-0101-5406
90000000031054,070104-0109-0901
90000000009066,190901-0130-2713
90000000007682,801002-0201-5406
90000000003907,800603-0230-5406
90000000008925,150503-0104-4801
90000000004109,531502-0109-2707
90000000005426,240602-0330-3501
90000000005711,170404-0137-2713
90000000004449,710802-0130-2713
90000000003366,660701-0222-4801
90000000005170,340306-0101-4001
90000000032073,230703-0101-4001
90000000003446,140206-0109-4801
90000000024630,070901-0322-6404
90000000007887,100502-0130-2713
90000000011667,480702-0130-6001
90000000002158,140105-0130-2713
90000000009034,410106-0209-2706
90000000002222,680106-0230-3501
90000000030240,140701-0322-6401
90000000011174,690202-0222-6404
90000000001818,280103-0130-5401
90000000008329,660106-0122-6402
90000000022038,100409-0322-6401
90000000007214,801503-0101-6003
90000000012670,801707-0101-5406
90000000033050,290101-9999-3601
90000000021798,870203-0137-2713
90000000010360,190501-0130-2713
90000000031083,482301-0122-6401
90000000013077,510301-0230-6001
90000000026175,650404-0122-6409
90000000008646,190103-0222-4801
90000000003132,510111-0130-6001
90000000007108,380106-0201-5401
90000000017079,680104-0122-6401
90000000009649,640402-0130-2713
90000000018841,170303-0101-2713
90000000030974,720102-0101-6001
90000000032925,340301-0101-0901
90000000007041,340306-0101-0901
90000000012042,541301-0109-4801
90000000001248,110806-9999-5401
90000000024358,531003-0134-2713
90000000035197,650201-0722-2713
90000000004084,470301-0141-2713
90000000012491,800501-0130-5406
90000000000934,910101-0201-5406
90000000032480,760801-0222-6402
90000000002498,210401-0122-4801
90000000009486,481302-0104-2713
90000000002565,541801-0130-2714
90000000004590,120601-0130-5601
90000000012196,670301-0222-6401
90000000033361,660701-0330-5401
90000000031121,160502-0130-5406
90000000010834,600501-0122-4801
90000000008765,681401-0222-0401
90000000006759,530203-0134-2713
90000000025223,760801-0122-2301
90000000030788,480301-0130-4804
90000000009569,640102-0245-4301
90000000032890,320202-0141-0601
90000000023272,280207-0101-0901
90000000002661,800901-0101-5406
90000000032986,110101-0146-3501
90000000013385,760801-0122-6402
90000000005878,160405-0130-2713
90000000013292,680802-0222-4801
90000000032912,340301-0101-4001
90000000008195,670404-0122-6401
90000000004683,170801-0201-2713
90000000011715,541801-0130-2714
90000000035780,100905-0152-2713
90000000005535,030202-0130-2713
90000000017553,481201-0130-2713
90000000003161,860102-9999-2713
90000000030586,860102-9999-2713
90000000007054,340306-0201-5603
90000000006743,190702-0130-5401
90000000030977,481901-0230-6001
90000000003702,800609-0130-5406
90000000012590,280101-0101-5401
90000000034322,040202-0122-0401
90000000026396,020407-0122-6404
90000000012705,330101-0230-2713
90000000012138,290402-0101-4001
90000000018585,801007-0122-5406
90000000023474,660106-0222-6401
90000000016156,790103-0130-6001
90000000001780,410105-0109-2701
90000000009146,510304-0122-4801
90000000005359,700403-0122-6401
90000000030759,480101-0230-4804
90000000010315,830204-0130-2713
90000000009441,542003-0222-2706
90000000005234,710702-0122-6401
90000000032015,700201-0222-6401
90000000017838,150305-0209-5401
90000000005061,680405-0130-5401
90000000025527,540714-0130-2713
90000000009604,020501-0230-2713
90000000012792,130103-0122-4801
90000000002783,570401-0122-2701
90000000033390,690401-0230-2713
90000000006608,210302-0130-2713
90000000012997,800201-0122-4801
90000000030391,330101-0130-2713
90000000004670,120601-0801-2713
90000000008044,730101-0101-3601
90000000017784,150305-0209-5401
90000000001421,060404-0130-3501
90000000000963,710603-0122-4801
90000000011696,130202-0122-6418
90000000026992,020702-0122-0401
90000000030429,170303-0401-2713
90000000001549,780207-0230-5406
90000000032630,800404-0101-5406
90000000030826,280207-0101-5201
90000000010523,170303-0401-2713
90000000029744,420407-0222-6404
90000000003667,740406-0201-4001
90000000013186,140204-0109-4801
90000000020273,480303-0122-6401
90000000006131,470203-0241-0401
90000000012084,800604-0130-5406
90000000032617,800603-0230-5406
90000000003094,620105-0230-2713
90000000026136,660203-0130-6001
90000000003760,651401-0122-0401
90000000007201,801503-0101-4001
90000000012699,210201-0122-6401
90000000030525,060405-0201-2713
90000000016890,480810-0422-2713
90000000010985,801101-0201-5406
90000000008874,180401-0115-4801
90000000010036,170307-0101-2713
90000000002456,690202-0322-6401
90000000011283,481201-0130-2713
90000000035181,650201-0522-2713
90000000034380,541501-0130-2713
90000000002171,520202-0109-2701
90000000032688,801701-0101-5406
90000000031640,890101-0230-6001
90000000022746,542404-0122-2701
90000000033918,480807-0104-2706
90000000001536,780207-0230-5406
90000000009662,660401-0130-3501
90000000003334,660701-0130-3501
90000000003962,111101-0130-2713
90000000005208,760901-0130-5401
90000000003023,230103-0101-5406
90000000015028,680401-0322-6401
90000000024781,543201-0530-2713
90000000001767,510801-0130-2713
90000000004561,120601-0601-4001
90000000008409,170601-9999-2713
90000000006458,440104-0122-2706
90000000031445,700701-0128-4301
90000000025226,760801-0222-6402
90000000032076,230703-0122-5901
90000000035123,170601-9999-2713
90000000011555,480604-0230-2305
90000000001876,170307-0101-2713
90000000004478,170415-0130-2714
90000000035194,650201-0622-2713
90000000035751,540419-0122-6401
90000000028539,830303-0104-4804
90000000003558,802201-0146-5406
90000000007842,510211-0130-3501
90000000020830,640102-0145-4301
90000000009114,481801-0230-2713
90000000010347,190501-0122-4801
90000000024592,070901-0304-4801
90000000000191,800603-0230-5406
90000000030948,710501-0122-6401
90000000009755,410302-0143-4301
90000000033800,120301-0146-2713
90000000004353,531401-9999-2701
90000000013798,010101-0122-6401
90000000014894,480201-0130-4804
90000000005673,230702-9999-5901
90000000032797,730201-0201-0901
90000000005984,660601-0230-3501
90000000011299,480302-0130-6001
90000000010238,530401-0134-2715
90000000006945,650403-0322-6409
90000000012055,140402-0122-4801
90000000011286,480302-0222-4801
90000000011366,570501-0230-2714
90000000032534,070301-0330-6001
90000000029718,550404-0422-2707
90000000009117,481801-0130-2713
90000000007086,541302-0222-4801
90000000003026,230103-0101-5406
90000000009079,190901-0128-4301
90000000030810,480201-0522-6401
90000000016954,480604-0130-2305
90000000005522,481901-0230-6001
90000000033037,230704-0129-0901
90000000009556,640102-0345-4301
90000000019110,580201-0522-6401
90000000024566,070901-0104-6409
90000000012231,600201-0130-3501
90000000024073,740303-0122-6401
90000000022455,440104-0130-2713
90000000004013,170801-0201-2713
90000000002184,400302-0130-2714
90000000032806,510301-0101-0901
90000000026886,560203-0130-2713
90000000012885,190101-0130-2713
90000000008739,890101-0130-5401
90000000012994,770101-0130-2713
90000000032874,320202-0141-4001
90000000001206,830210-0130-2713
90000000007775,060402-0101-5406
90000000032781,370301-0201-0601
90000000032954,110101-0241-0401
90000000033931,270103-0130-2713
90000000005580,801204-0301-5406
90000000026098,541803-0130-2706
90000000030906,710201-0122-6401
90000000007083,541302-0122-4801
90000000024765,543201-0530-2713
90000000006570,070104-0109-4001
90000000007749,060405-0201-2713
90000000017742,150305-0209-5401
90000000006144,470203-0141-0401
90000000004548,801014-0201-5406
90000000004628,120601-0101-2713
90000000020327,020402-0222-2701
90000000033947,150402-0130-2713
90000000007909,481503-0130-5401
90000000006541,430502-0122-2713
90000000026216,650404-0522-6409
90000000007445,543201-0230-2713
90000000010389,190501-0322-6401
90000000026899,560306-0146-2713
90000000003392,520107-0109-2701
90000000034706,870302-0430-2713
90000000007884,681501-0122-0401
90000000030701,480201-0422-6401
90000000001613,560303-0109-2713
90000000001956,410302-0243-4301
90000000020436,410909-0141-6401
90000000020029,542403-0130-2713
90000000012519,540404-0141-0401
90000000033976,150402-0230-2713
90000000008198,130205-0230-3501
90000000031461,700701-0328-4301
90000000023813,410604-0122-6404
90000000000120,550404-0222-2713
90000000010510,170303-0101-2713
90000000008233,660107-0130-6201
90000000022282,681002-0141-6401
90000000032262,100904-0115-2713
90000000000681,020101-0130-3501
90000000007381,690302-0222-6409
90000000006176,100701-0115-2713
90000000011811,830102-0130-2713
90000000005849,660502-0230-2713
90000000027437,651301-0122-6404
90000000007326,110103-0109-6401
90000000007057,542405-0130-2714
90000000018883,170303-0101-2713
90000000011693,801004-0101-5406
90000000015775,540703-0146-2706
90000000008806,160102-0104-4801
90000000002360,780203-0122-6401
90000000023698,740103-0130-5603
90000000008617,100702-0115-2713
90000000006035,100704-0115-2713
90000000009092,170303-0101-2713
90000000002411,410301-0222-2701
90000000018242,160201-0846-2713
90000000022554,650402-0222-6401
90000000024877,440105-0122-2713
90000000030455,170303-0101-2713
90000000021538,410102-0115-2706
90000000030442,170303-0101-2713
90000000025604,540715-0130-2714
90000000012420,710103-0222-4801
90000000015951,680501-0122-6401
90000000026191,650404-0322-6409
90000000006948,580201-0130-2713
90000000008614,100805-0115-2715
90000000008015,640206-0201-4001
90000000032563,770202-0130-3501
90000000006189,651002-0122-6401
90000000031627,650305-0230-5406
90000000008941,140503-0415-2713
90000000035165,650201-0322-2713
90000000001700,520106-0215-2713
90000000015935,650201-0145-4301
90000000011119,200201-0241-6401
90000000010498,170303-0101-2713
90000000020042,542403-0130-2713
90000000005942,100805-0215-2715
90000000005006,680405-0822-2708
90000000005465,310202-0330-2713
90000000015909,650201-0245-4301
90000000009390,801401-0130-2713
90000000015531,700201-0322-6401
90000000013343,801901-0101-5406
90000000008563,760102-0230-5401
90000000004952,600104-0130-2713
90000000034732,870302-0430-2713
90000000031448,700701-0228-4301
90000000012545,480102-0104-2706
90000000001520,800702-0130-5406
90000000004577,120601-1401-2713
90000000004506,170303-0101-2713
90000000032435,761001-0330-5401
90000000001014,540418-0115-2713
90000000021615,140602-0130-2713
90000000018380,780204-0130-6201
90000000015922,650201-0345-4301
90000000013567,120601-0101-2713
90000000010142,190703-0130-2714
90000000030035,570122-0222-2706
90000000005045,680405-0622-2708
90000000007394,690302-0122-6409
90000000007474,700501-0122-6401
90000000010603,440103-0146-3501
90000000034069,130305-0122-4801
90000000004625,120601-0101-2713
90000000031368,260402-0222-6401
90000000020817,640102-0445-4301
90000000022881,100901-0115-2713
90000000023179,190902-0222-0402
90000000006868,570114-0322-6401
90000000033188,100903-0115-2713
90000000008384,510107-0130-5401
90000000009620,570110-0122-6401
90000000009483,481302-0122-2701
90000000032819,280104-0130-3601
90000000029417,481803-0122-4801
90000000000530,280104-0229-4001
90000000007544,481703-0104-2706
90000000033319,200201-0141-6401
90000000033332,110406-0109-0401
90000000002808,540411-0109-4801
90000000012340,600101-0130-5401
90000000003840,570309-0130-2714
90000000004641,120601-0101-2713
90000000026284,541603-0230-2713
90000000006147,100801-0115-2713
90000000003148,800405-0101-5406
90000000010293,400302-0422-2801
90000000005032,680405-0722-2708
90000000019953,260402-0122-6401
90000000012109,540702-0130-2713
90000000032329,110901-0109-0401
90000000032249,100903-0115-2713
90000000032236,100904-0115-2713
90000000001658,330301-0101-0901
90000000008601,560303-0146-2713
90000000024874,440105-0222-2713
90000000006093,543202-0122-2706
90000000007406,400502-0141-6401
90000000011459,210401-0130-3501
90000000030746,480503-0130-3501
90000000012574,480201-0322-2706
90000000033915,550501-0130-2713
90000000002427,770201-0122-6401
90000000020910,160301-0130-2713
90000000031707,690204-0122-6401
90000000005836,060409-0130-1701
90000000008970,681002-0130-5406
90000000007025,580201-0122-6401
90000000011824,320201-0144-4001
90000000035796,230704-0201-0901
90000000011680,490102-0122-2706
90000000011638,480901-0104-2706
90000000006349,310301-0101-5406
90000000001123,230802-0101-2701
90000000011052,110103-0509-0401
90000000006295,680404-0122-6409
90000000011571,480604-0122-4801
90000000033691,100904-0115-2713
90000000028821,570502-0222-0407
90000000027466,350201-0122-5901
90000000011414,570501-0130-5406
90000000000418,830215-0104-2713
90000000013615,570201-0122-2713
90000000033758,540413-0130-5401
90000000029853,660701-0322-6401
90000000006022,651101-0130-2713
90000000011254,801008-9999-3101
90000000026162,310301-0101-5406
90000000019088,580201-0522-6401
90000000011651,480703-0104-2706
90000000035370,580501-0122-2706
90000000031288,210303-0122-6409
90000000016089,830102-0222-2713
90000000030378,570108-0130-2713
90000000035168,650201-0422-2713
90000000002251,170413-1301-2713
90000000027450,170209-0101-2713
90000000005769,480204-0204-4803
90000000000825,170409-0137-2701
90000000001043,500701-0122-6401
90000000029651,370105-0101-0901
90000000013538,120501-0122-6401
90000000011856,690102-0122-6411
90000000023041,760102-0230-5401
90000000001802,681201-0130-2713
90000000030605,330103-0230-3501
90000000025005,490103-0130-2713
90000000029430,570309-0230-2713
90000000008521,480201-0630-4804
90000000019274,400302-0122-2801
90000000016387,490102-0222-2706
90000000031698,690201-0122-6401
90000000009902,542403-0130-2713
90000000033944,270103-0122-2713
90000000006637,482001-0130-3501
90000000009454,280204-0230-4801
90000000009005,280301-0130-3501
90000000003715,800704-0146-5406
90000000013372,800601-0101-5406
90000000004612,120601-0101-2713
90000000009470,280204-0130-2713
90000000034053,650404-0222-6409
90000000006115,690505-0522-6401
90000000033021,060401-0107-5401
90000000026104,541803-0222-2714
90000000012273,370202-0101-0901
90000000002539,541901-0122-4803
90000000006810,570115-0130-5402
90000000017902,110103-0715-5406
90000000030253,140701-0422-6401
90000000026287,541603-0230-2714
90000000009226,410102-0115-2706
90000000031243,240602-0122-6401
90000000018011,310101-0101-3601
90000000005756,480204-0104-4803
90000000015192,600101-0130-2713
90000000002264,170413-0501-2713
90000000031166,190902-0122-0402
90000000017604,340601-0101-3601
90000000010495,170303-0601-5401
90000000000908,060409-0130-1701
90000000017454,541802-0130-2713
90000000014009,130102-0230-2701
90000000000104,050104-0130-3501
90000000015938,690102-0222-6411
90000000033973,150402-0230-2713
90000000012750,140201-0122-2706
90000000020311,240103-0130-2713
90000000034300,543701-0222-2713
90000000021003,560201-0146-2713
90000000032233,100804-0115-2715
90000000010805,160201-0646-2713
90000000030868,710401-0222-6401
90000000000585,690603-0228-4301
90000000001181,700402-0130-2713
90000000008723,541105-0104-2706
90000000010597,440103-0141-6401
90000000022528,650402-0522-6409
90000000011308,541802-0130-2713
90000000012506,490101-0122-2706
90000000018191,540706-0130-5402
90000000003529,290501-0101-0901
90000000022541,650402-0622-6409
90000000011148,660301-0230-5406
90000000019123,580201-0122-6401
90000000003097,532001-0109-2707
90000000010808,160201-0546-2713
90000000032710,060201-0130-5406
90000000006974,150305-0109-2706
90000000003744,150202-0130-2713
90000000004843,280104-0129-4001
90000000027998,640103-0222-2706
90000000011600,480806-0104-2706
90000000003485,290501-0401-0901
90000000030852,070104-0115-6001
90000000015778,540704-0122-2706
90000000004324,482301-0330-2713
90000000008726,130108-0130-5402
90000000012817,170201-0201-5401
90000000004260,711001-0122-6401
90000000031967,030202-0122-6401
90000000034825,640403-0230-2713
90000000034460,150305-0109-2706
90000000010606,690103-0122-6409
90000000013208,100701-0115-2713
90000000001793,410102-0215-2706
90000000022240,770301-0130-6201
90000000019940,260402-0322-6401
90000000012327,030101-0101-5406
90000000001001,560306-0246-2713
90000000031720,690204-0222-6401
90000000016928,480604-0104-2706
90000000033146,410301-0141-6401
90000000013929,510301-0101-0901
90000000012180,790101-0130-2713
90000000010799,160201-0646-2713
90000000011587,480810-0104-2706
90000000010754,542401-0122-2701
90000000035152,650201-0222-2713
90000000013314,890101-0330-2713
90000000007573,010203-0222-2801
90000000004699,170801-0401-2713
90000000013346,280104-0101-4001
90000000004395,210503-0130-3501
90000000031624,650305-0130-6201
90000000011635,480901-0204-2706
90000000023028,540713-0130-2713
90000000018213,160201-0246-2713
90000000002075,280203-0122-2801
90000000004750,740104-0201-5406
90000000031816,660701-0122-6406
90000000008550,500501-0130-3501
90000000007419,610201-0141-6401
90000000009880,160203-0709-2713
90000000015397,570107-0122-2706
90000000010373,190501-0230-1501
90000000032739,481112-0101-5406
90000000001370,410606-0130-3501
90000000005497,670601-0122-6401
90000000002296,170303-0601-5401
90000000035492,150302-0209-2706
90000000011622,480804-0104-2706
90000000006512,680802-0222-6416
90000000012708,330101-0130-2713
90000000003975,111101-0122-6401
90000000006320,541603-0230-2713
90000000007368,440105-0322-2706
90000000010049,510701-0130-3501
90000000004311,190602-0130-2713
90000000017598,340601-0101-5201
90000000010892,541003-0230-2713
90000000008480,490301-0130-2713
90000000007762,020303-0122-0401
90000000002770,570302-0122-2706
90000000002315,801201-0141-2501
90000000018178,540706-0130-5402
90000000013535,370202-0101-0901
90000000007150,680108-0230-2713
90000000002526,480803-0130-4801
90000000010075,690104-0122-0405
90000000032537,740403-0101-5601
90000000010116,542402-0130-2714
90000000011991,600301-0109-2706
90000000007791,340202-0301-4001
90000000011488,330103-0101-5406
90000000034351,550402-0222-2501
90000000006977,150305-0309-2706
90000000000719,411202-0222-2801
90000000035479,150302-0309-2706
90000000006487,680802-0122-6416
90000000030512,020303-0122-6401
90000000003488,290501-0201-4001
90000000005676,120501-0122-6401
90000000004654,120601-0101-2713
90000000009345,541005-0130-2713
90000000017675,150302-0309-2706
90000000009377,801401-0101-5406
90000000027818,680803-0522-6409
90000000014375,190201-0141-2701
90000000009742,410301-0241-6401
90000000033486,681302-0122-6401
90000000003516,290501-0101-4001
90000000007490,481301-0130-4801
90000000003241,543903-0130-2713
90000000004997,540722-0130-2714
90000000008643,570205-0122-2706
90000000007288,330401-0101-0601
90000000016140,830102-0130-2713
90000000032204,101001-0422-6409
90000000007695,030501-0122-6401
90000000003869,140113-0130-2714
90000000010914,410401-0122-6401
90000000021006,560201-0246-2713
90000000033742,530201-9999-2713
90000000012888,510102-0122-6401
90000000011081,150305-0309-2706
90000000012968,510301-0129-4001
90000000011933,770103-0122-6401
90000000015150,540701-0130-2714
90000000019059,580201-0422-5901
90000000032723,740201-0101-5406
90000000032207,100703-0115-2713
90000000010200,541602-0230-2713
90000000007028,580201-0122-6401
90000000028914,482401-0122-2706
90000000004055,530402-0134-2715
90000000018415,410601-0141-6401
90000000003513,290501-0201-0901
90000000009636,542601-0130-2714
90000000004202,380304-0101-4001
90000000018364,550102-0122-2706
90000000026950,540719-0130-2714
90000000010552,680901-0146-2714
90000000011392,570501-0330-5401
90000000033306,542402-0130-2714
90000000007515,070901-0222-6409
90000000003145,530805-0238-2706
90000000024387,160103-0141-6401
90000000027767,140202-0109-2706
90000000029856,660701-0322-6411
90000000008534,190301-0130-2713
90000000007736,060406-0201-5401
90000000033649,410301-0141-6401
90000000008435,240502-0222-6401
90000000033960,150402-0230-2713
90000000008672,481702-0122-2706
90000000011936,770103-0130-6201
90000000009896,542403-0130-2713
90000000031041,500104-0130-3501
90000000005141,140203-0122-4801
90000000008579,560303-0246-2713
90000000003773,651401-0130-2713
90000000020574,570110-0122-6401
90000000030554,170413-1601-2713
90000000003949,640501-0122-4801
90000000008685,130109-0109-2706
90000000033607,481803-0130-5401
90000000010113,542402-0130-2714
90000000002482,481101-0130-2713
90000000018024,801101-0201-5406
90000000013388,030702-0422-6402
90000000005807,290201-0101-5401
90000000032371,110805-9999-6401
90000000005250,190603-0122-6401
90000000004420,240603-0122-6401
90000000009598,020501-0130-3501
90000000013795,770101-0222-6408
90000000000335,800703-0141-5406
90000000033553,210101-0122-6401
90000000018351,550102-0222-2706
90000000009607,570110-0222-6401
90000000030118,250401-0422-6411
90000000001466,450202-0141-6401
90000000010411,190501-0222-6401
90000000002238,170413-1201-2713
90000000007099,400303-0141-6401
90000000031669,580201-0122-5901
90000000024195,410107-0109-2706
90000000013205,170601-9999-2713
90000000035504,150305-0209-2706
90000000003978,760202-0122-6401
90000000014022,130102-0130-2706
90000000035261,490302-0122-6406
90000000000095,250401-0130-2713
90000000004167,570502-0122-0401
90000000006605,801601-0101-4001
90000000003177,140701-0622-6401
90000000002930,480101-0530-5406
90000000005183,800802-0130-2713
90000000006823,780502-0122-0401
90000000030115,250401-0322-6411
90000000010187,541602-0230-2713
90000000007012,380107-0129-0901
90000000004519,170413-1601-2713
90000000034473,150302-0209-2706
90000000003430,570310-0230-2713
90000000003337,482402-0122-2706
90000000031829,660701-0322-6411
90000000008566,560304-0146-2713
90000000023381,240502-0122-6401
90000000001383,580601-0130-6201
90000000006051,260405-0222-6401
90000000003459,410109-0109-2706
90000000028850,570502-0122-0407
90000000005971,660601-0522-6401
90000000031192,250104-0122-6409
90000000030666,480303-0101-4001
90000000006064,220201-0122-6409
90000000031285,210402-0122-6401
90000000015403,570107-0322-2706
90000000004503,170413-0701-2713
90000000026402,020407-0222-6406
90000000032928,350301-0130-5401
90000000032768,370105-0101-0901
90000000001046,030601-0130-2713
90000000017425,600102-0230-2713
90000000033678,570310-0130-5401
90000000035085,140602-0230-2713
90000000010209,190701-0130-2713
90000000032957,110101-0141-0401
90000000034120,570116-0130-2714
90000000033345,140101-0130-2713
90000000006307,541603-0230-2714
90000000011094,150302-0109-2706
90000000012830,170201-0101-2713
90000000013048,570101-0222-4803
90000000001844,280204-0130-2713
90000000015573,340202-0301-4001
90000000035507,150305-0309-2706
90000000010901,541003-0130-2713
90000000012356,400101-0130-2713
90000000011270,481201-0222-4803
90000000031704,690201-0222-6401
90000000028004,640103-0122-2706
90000000007192,700103-0222-6201
90000000014224,420101-0122-6409
90000000007627,410606-0122-6401
90000000032592,801601-0101-5406
90000000019642,690104-0222-0405
90000000010850,542301-0141-4801
90000000024316,060406-0201-5401
90000000001325,680108-0330-3501
90000000020801,270601-0122-0401
90000000012260,480301-0222-4803
90000000004817,130305-0122-6401
90000000005266,680803-0422-6409
90000000016329,540409-0122-2706
90000000002597,110102-0241-0401
90000000004100,020503-0130-3501
90000000010712,830402-0130-5401
90000000017787,150305-0309-2706
90000000016832,480806-0204-2706
90000000012641,190301-0122-6401
90000000019219,250201-0222-6409
90000000008797,710402-0122-6401
90000000031656,580201-0322-5901
90000000021535,270302-0122-6406
90000000006692,250104-0422-6409
90000000004994,540722-0130-2714
90000000011039,270501-0105-4801
90000000033428,600501-0222-0401
90000000011895,640202-0101-2713
90000000017021,430301-0122-2706
90000000028834,570502-0322-0407
90000000033425,790201-0130-2713
90000000008710,140109-0246-5401
90000000001194,481802-0122-6401
90000000032278,450201-0341-6401
90000000033079,560101-0322-2701
90000000011225,340601-0101-4001
90000000032291,450201-0241-6401
90000000005292,680803-0322-6409
90000000029635,540724-0222-2706
90000000024819,320501-0122-0401
90000000017822,150305-0109-2706
90000000006932,481110-0101-5406
90000000017428,600102-0130-2713
90000000009428,440201-0141-6401
90000000011443,680701-0122-6401
90000000001110,260106-0122-6401
90000000006471,760403-0122-2706
90000000007531,481703-0122-2706
90000000006634,200801-0130-2713
90000000005875,060601-0104-2301
90000000035684,150302-0109-2706
90000000030471,542003-0222-2706
90000000000937,540720-0130-2713
90000000009130,541006-0130-2713
90000000007230,191001-0122-0401
90000000031887,070801-0122-0401
90000000011718,660201-0322-6409
90000000002453,481301-0222-2706
90000000012029,540408-0222-2706
90000000009758,240103-0130-2713
90000000006455,020404-0322-2706
90000000033527,410606-0222-6401
90000000003283,250401-0222-6401
90000000031259,240602-0222-6401
90000000017755,150305-0309-2706
90000000032089,410605-0122-6401
90000000010331,250201-0222-0407
90000000004939,150404-0141-2706
90000000011068,150305-0109-2706
90000000032467,760103-0141-4801
90000000017524,480302-0222-6409
90000000012167,340301-0201-4001
90000000010344,250201-0422-6401
90000000030458,500301-0222-6401
90000000032275,450201-0141-6401
90000000029010,140205-0109-2706
90000000022785,541105-0204-2706
90000000007698,660201-0122-6409
90000000031996,310101-0101-0901
90000000011321,481101-0101-5406
90000000021385,340303-0201-0901
90000000031813,660502-0122-0401
90000000031900,030501-0222-0407
90000000029622,540724-0122-2706
90000000021045,190801-0122-6401
90000000034393,830106-0222-2706
90000000003228,490303-0222-4803
90000000035126,481501-0122-2706
90000000001860,481301-0122-2706
90000000011485,330103-0301-5406
90000000032220,100703-0115-2715
90000000008207,660107-0130-2713
90000000031993,030202-0122-5901
90000000002603,110102-0141-0401
90000000000255,760202-0130-6201
90000000012122,540702-0130-2713
90000000019655,420501-0122-0401
90000000008422,240502-0130-2713
90000000017771,150305-0109-2706
90000000011228,340601-0101-0901
90000000000921,660502-0222-0401
90000000031339,260102-0322-6401
90000000021644,481502-0104-2304
90000000031150,190902-0322-6401
90000000012779,680101-0141-6401
90000000030634,430202-0115-2713
90000000000460,130307-0101-2713
90000000030541,130306-0130-3501
90000000011882,640202-0201-2713
90000000034216,680401-0122-2706
90000000032579,481101-0101-5406
90000000024342,690205-0222-6401
90000000010930,541104-0322-2706
90000000006557,530702-0103-2715
90000000011542,540705-0130-2713
90000000025524,540714-0130-2713
90000000003299,690108-0122-0407
90000000010946,541104-0222-2706
90000000012766,680101-0222-6401
90000000003052,541005-0130-2713
90000000011145,660301-0122-6401
90000000010863,542201-0222-2706
90000000012289,541001-0122-2706
90000000001072,420404-0122-6401
90000000031326,260102-0222-6401
90000000032765,070104-0109-2801
90000000003600,670602-0122-6401
90000000011558,480604-0222-2706
90000000021942,481106-0101-5406
90000000008451,640403-0130-2713
90000000012981,510301-0122-2706
90000000032601,330103-0101-5406
90000000018107,542201-0122-2706
90000000022788,541105-0122-2706
90000000015474,541101-0122-2706
90000000011840,400202-0122-6401
90000000000790,070302-0146-1701
90000000009143,481106-0201-5406
90000000003305,690108-0222-0407
90000000011446,680701-0222-6401
90000000013045,550101-0122-6401
90000000032970,020201-0122-6401
90000000019014,580201-0522-6401
90000000019203,250201-0522-6401
90000000003696,690107-0122-6401
90000000009511,570111-0122-0401
90000000035383,580203-0230-2713
90000000010677,830403-0122-2706
90000000007733,690205-0122-6401
90000000003106,510111-0130-2713
90000000003286,250401-0122-6401
90000000030557,130308-0130-4803
90000000022051,100603-0122-6401
90000000005567,660109-0222-0401
90000000008342,660106-0422-6401
90000000031589,610101-0222-6401
90000000011401,570501-0322-0401
90000000007547,542004-0122-6401
90000000011513,541102-0122-6401
90000000008467,380105-0122-6401
90000000001847,280204-0222-0401
90000000011904,210301-0122-6401
90000000005125,110405-0122-6401
90000000010171,060201-0122-6401
90000000031842,660109-0122-0401
90000000021727,660104-0222-0401
90000000003542,650503-0322-6401
90000000012276,570401-0122-6401
90000000020577,542701-0122-6401
90000000026309,540102-0322-0401
90000000031025,500301-0222-6401
90000000001139,481111-0122-6401
90000000033524,440103-0122-6401
90000000029065,420104-0122-6401
90000000016233,260401-0322-6401
90000000031163,190902-0422-6401
90000000006227,190103-0322-5901
90000000006650,160601-0222-6401
90000000000351,020804-0104-6401
90000000001504,830102-0122-6401
90000000030919,720102-0122-6401
90000000012843,720101-0222-6401
90000000021186,700203-0122-0401
90000000028209,690603-0322-0401
90000000012382,690301-0322-0401
90000000000040,681202-0122-6401
90000000008983,681002-0322-6401
90000000008957,681002-0122-6401
90000000005019,680405-0522-6401
90000000005048,680405-0322-6401
90000000010456,680106-0222-6401
90000000005987,660601-0422-6401
90000000008313,660106-0222-6401
90000000026460,650305-0322-5901
90000000003853,600203-0222-6401
90000000028866,550502-0222-6401
90000000028411,543501-0222-6401
90000000006666,541706-0222-0401
90000000006679,541706-0122-0401
90000000011853,541501-0122-6401
90000000008688,541403-0122-0401
90000000034149,500105-0122-6401
90000000006919,481110-0122-6401
90000000027616,440106-0222-6401
90000000008845,440104-0422-6401
90000000004766,420202-0422-6401
90000000010837,410501-0122-0401
90000000031381,260404-0222-6401
90000000031352,260401-0122-6401
90000000029895,260108-0222-6401
90000000000024,250101-0222-0401
90000000013494,210304-0222-6401
90000000033556,190903-0222-6401
90000000000652,101102-0322-6401
90000000028020,101102-0222-6401
90000000030160,100205-0122-6401
90000000013676,100101-0222-6401
90000000024617,070901-0222-5901
90000000029824,050104-0222-0401
90000000031909,030402-0122-6401
90000000004369,880201-0122-0401
90000000006826,780501-0122-6401
90000000030894,710403-0222-6401
90000000030897,710403-0122-6401
90000000017377,700202-0222-6401
90000000028184,690603-0122-0401
90000000026812,690505-0122-6401
90000000012395,690301-0222-0401
90000000012398,690301-0122-0401
90000000011103,680801-0222-6401
90000000012449,680401-0422-6401
90000000009675,660401-0122-0401
90000000006224,650305-0522-5901
90000000031576,610101-0122-6401
90000000031547,580502-0122-6401
90000000004180,570502-0422-0401
90000000004193,570502-0222-0401
90000000003991,570406-0222-6401
90000000008275,570403-0622-0401
90000000028424,543501-0322-6401
90000000010757,541402-0122-6401
90000000016999,540503-0122-0401
90000000006413,510901-0122-0401
90000000009633,510702-0122-6401
90000000005128,510505-0122-0401
90000000008358,510107-0122-6401
90000000009678,500401-0122-6401
90000000010821,500202-0322-6401
90000000005112,500104-0122-0401
90000000030714,481601-0122-0401
90000000017527,481201-0222-0401
90000000002469,481201-0122-0401
90000000031099,481101-0322-6401
90000000030717,480303-0122-6401
90000000030730,480301-0122-0401
90000000032140,440106-0322-6401
90000000031560,400601-0222-6401
90000000011920,400201-0122-6401
90000000021112,280204-0322-0401
90000000000668,260406-0222-6401
90000000005186,260406-0122-6401
90000000003882,210503-0122-6401
90000000022429,210402-0222-6401
90000000013481,210304-0122-6401
90000000019533,200401-0122-6401
90000000006211,190103-0122-0401
90000000004705,170801-0122-6401
90000000010866,140403-0222-0401
90000000033809,120301-0122-6401
90000000012071,110401-0122-6401
90000000032169,100601-0122-6401
90000000026040,080101-0122-0401
90000000032060,060301-0222-5901
90000000031980,030201-0122-6401
90000000031544,890101-0222-6401
90000000022650,890101-0122-6401
90000000024060,780208-0122-6401
90000000034610,770303-0222-6401
90000000034543,770303-0122-6401
90000000028440,761001-0122-6401
90000000030932,720501-0122-6401
90000000012846,720101-0122-6401
90000000030881,710103-0322-5901
90000000002837,710103-0122-5901
90000000002142,700401-0122-6401
90000000011334,700202-0122-0401
90000000027277,691001-0222-0401
90000000028187,690603-0222-0401
90000000021916,690602-0222-6401
90000000021891,690602-0122-6401
90000000028526,690506-0222-6401
90000000015163,690301-0522-0401
90000000012369,690301-0422-0401
90000000003635,681303-0222-6401
90000000006500,680802-0122-6401
90000000011097,680801-0122-6401
90000000004276,680202-0322-6401
90000000004273,680202-0122-0401
90000000012625,680201-0322-6401
90000000012628,680201-0222-6401
90000000024089,680107-0222-6401
90000000010469,680106-0122-6401
90000000034899,680105-0122-6401
90000000015813,680102-0222-6401
90000000000777,660602-0222-6401
90000000006000,660601-0322-6401
90000000013426,660601-0222-6401
90000000011161,660301-0222-6401
90000000026133,660203-0222-6401
90000000011731,660201-0122-6401
90000000005564,660109-0322-0401
90000000008316,660106-0322-6401
90000000021724,660104-0322-0401
90000000031653,650305-0222-5901
90000000026415,650305-0122-5901
90000000032316,620101-0122-6401
90000000003856,600203-0122-6401
90000000015339,600201-0222-6401
90000000031573,600201-0122-6401
90000000006067,580701-0122-0401
90000000011363,570501-0222-0401
90000000011379,570501-0122-0401
90000000034870,570406-0122-6401
90000000027536,570405-0422-0401
90000000027341,570404-0222-0401
90000000023560,570403-0222-0401
90000000001796,550304-0122-6401
90000000012100,550302-0222-6401
90000000002725,550302-0122-6401
90000000001889,550203-0122-6401
90000000028427,543501-0122-6401
90000000005509,543401-0122-0401
90000000034364,543201-0222-6401
90000000007461,543201-0122-6401
90000000033582,542701-0322-6401
90000000004231,541713-0322-0401
90000000004218,541713-0222-0401
90000000004215,541713-0122-0401
90000000025457,541707-0122-0401
90000000022823,541403-0222-6401
90000000017944,540504-0222-0401
90000000017931,540504-0122-0401
90000000034162,540501-0122-0401
90000000025771,540417-0122-0401
90000000008803,540413-0122-0401
90000000001671,540202-0122-0401
90000000005003,510404-0122-6401
90000000012404,510401-0222-0401
90000000003414,510306-0122-6401
90000000012965,510301-0422-6401
90000000000056,510111-0222-6401
90000000011212,500201-0122-0401
90000000030990,500104-0222-0401
90000000010917,500102-0122-6401
90000000008493,490301-0122-0401
90000000004356,482201-0122-6401
90000000010091,481601-0222-6401
90000000001873,481302-0222-0401
90000000011106,481301-0222-0401
90000000007477,481301-0122-0401
90000000016646,480803-0222-6401
90000000016630,480803-0122-0401
90000000016601,480801-0122-0401
90000000030743,480302-0122-6401
90000000030692,480101-0222-0401
90000000012577,480101-0122-0401
90000000004247,450301-0122-6401
90000000032313,450101-0122-6401
90000000035030,440107-0222-6401
90000000032127,440106-0122-6401
90000000024890,440105-0522-6401
90000000033511,440103-0222-6401
90000000028863,420203-0222-6401
90000000004164,420203-0122-6401
90000000029321,411701-0122-6401
90000000024659,411301-0122-6401
90000000005494,411202-0322-0401
90000000032111,410607-0122-6401
90000000000149,370105-0122-0401
90000000008505,370104-0222-0401
90000000008508,370104-0122-0401
90000000007432,320501-0122-0401
90000000030823,280108-0122-6401
90000000001831,280103-0122-6401
90000000020686,270104-0122-6401
90000000005199,260406-0322-6401
90000000023980,260404-0322-6401
90000000023996,260404-0122-6401
90000000016236,260401-0222-6401
90000000004138,260107-0122-6401
90000000006663,250105-0122-6401
90000000014717,250101-0322-0401
90000000031230,240501-0222-6401
90000000007323,210304-0322-6401
90000000031310,210302-0122-6401
90000000005615,200402-0222-6401
90000000005618,200402-0122-6401
90000000019549,200401-0322-6401
90000000010222,190601-0122-0401
90000000003747,150202-0122-6401
90000000010879,140403-0322-0401
90000000019386,140105-0222-6401
90000000019399,140105-0122-6401
90000000025470,130304-0322-0401
90000000025483,130304-0122-0401
90000000032355,110201-0122-6401
90000000027248,101301-0222-6401
90000000032182,101301-0122-6401
90000000022067,100603-0322-6401
90000000032195,100603-0222-6401
90000000013711,100101-0122-6401
90000000007518,070901-0104-5901
90000000002648,070301-0222-0401
90000000032044,060101-0222-5901
90000000012058,060101-0122-5901
90000000031935,020503-0122-6401
90000000031951,020402-0122-6401
90000000012734,020101-0122-0401
90000000013019,800101-0122-6401
90000000013452,711101-0122-6401
90000000005074,700106-0122-6401
90000000031791,690503-0122-0401
90000000003651,681303-0122-6401
90000000031775,681002-0422-6401
90000000006525,680802-0222-6401
90000000012462,680401-0322-6401
90000000015054,680401-0222-6401
90000000007829,680107-0122-6401
90000000033348,660601-0122-6401
90000000026149,660203-0322-6401
90000000003811,660111-0322-0401
90000000009185,660104-0122-0401
90000000031611,650503-0422-6401
90000000031502,650305-0522-6401
90000000024409,580601-0122-0401
90000000005551,580502-0222-6401
90000000033303,542202-0322-0401
90000000007669,540410-0122-0401
90000000033620,510701-0122-6401
90000000015105,510401-0122-0401
90000000003119,510111-0122-0401
90000000033297,500501-0222-6401
90000000031012,500501-0122-6401
90000000002495,481101-0422-6401
90000000011664,480702-0122-0401
90000000035043,440107-0322-6401
90000000022487,440104-0522-6401
90000000012939,320101-0222-0401
90000000012952,320101-0122-0401
90000000008999,280301-0122-6401
90000000009457,280204-0122-0401
90000000004830,280104-0101-4301
90000000004135,260107-0222-6401
90000000031214,240501-0122-6401
90000000028757,210503-0222-6401
90000000031323,200601-0122-6401
90000000031108,160601-0122-6401
90000000013112,140403-0122-0401
90000000022096,100604-0122-6401
90000000032153,100602-0322-6401
90000000022160,040201-0122-6401
90000000007134,010204-0222-0401
90000000005593,710701-0122-6401
90000000012612,680201-0422-6401
90000000023544,570403-0322-0401
90000000004151,550502-0122-6401
90000000019998,550303-0122-0401
90000000034309,550303-0122-0401
90000000031057,510301-0322-6401
90000000030679,480503-0122-6401
90000000010424,410701-0122-6401
90000000006336,330202-0122-6401
90000000013468,260104-0122-6401
90000000031179,250101-0122-6401
90000000025499,130304-0222-0401
90000000003103,120701-0122-6401
90000000012686,170301-0201-2713
90000000023394,660105-0130-6201
90000000033896,543201-0530-2713
90000000002879,140301-0122-6401
90000000024534,640211-0122-2713
90000000008262,550204-0122-6401
90000000031272,240104-0222-6401
90000000007993,640208-0201-2713
90000000021958,541006-0104-2710
90000000015720,240102-0222-6401
90000000033412,640301-0101-3501
90000000033210,640302-0101-2601
90000000014256,020801-0130-6001
90000000031695,680106-0530-1701
90000000035206,700502-0322-6416
90000000025976,040203-0122-6416
90000000031086,482301-0130-6201
90000000010482,680106-0330-1701
90000000026011,040203-0222-6416
90000000000665,830106-0122-2706
90000000016018,470101-0115-2713
90000000013074,510201-0122-6410
90000000007217,410906-0141-6401
90000000019924,510217-0122-6401
90000000030320,681202-0330-2701
90000000009893,160202-0609-2713
90000000008496,520106-0115-2713
90000000034812,510216-0122-6401
90000000028129,680405-0222-6401
90000000035203,700502-0222-6416
90000000000284,510218-0122-6410
90000000029485,420406-0122-0407
90000000019152,190501-0222-6401
90000000028879,420103-0122-0401
90000000023448,660106-0422-6402
90000000027072,260602-0122-6401
90000000024806,543201-0330-2713
90000000031531,140102-0122-6404
90000000006528,530704-0241-2715
90000000028594,030702-0422-6402
90000000035219,700502-0422-6416
90000000018854,170602-0101-2713
90000000009867,160203-0146-2713
90000000006160,060204-0101-4001
90000000003731,540723-0122-2706
90000000001709,520103-0115-2713
90000000012407,111306-0122-2713
90000000010280,230401-0122-6410
90000000005660,531001-0102-2713
90000000009835,160203-0141-2713
90000000019030,580201-0122-6401
90000000005205,511001-0222-6401
90000000001232,570114-0422-6404
90000000024127,260205-0322-6401
90000000024726,101001-0222-6401
90000000035232,700502-0122-6416
90000000008236,550403-0122-2706
90000000013157,530302-0199-2713
90000000026322,540102-0122-0401
90000000011760,541002-0122-6401
90000000018255,160201-0446-2713
90000000016768,480603-0130-4804
90000000020260,480303-0122-0401
90000000000899,531302-0130-2713
90000000004545,170413-1001-2713
90000000020939,160702-0122-0401
90000000018216,160201-0646-2713
90000000026300,540102-0222-0401
90000000022525,650402-0422-6409
90000000005301,680803-0322-6401
90000000031201,240101-0322-6401
90000000001591,542801-0130-2714
90000000005279,680803-0422-6401
90000000027802,680803-0122-6401
90000000029446,570309-0130-2714
90000000020926,160502-0230-5406
90000000005929,160701-0122-6402
90000000029443,570309-0130-2714
90000000004923,270304-0222-6401
90000000000572,640214-0130-2713
90000000018136,100302-0222-6401
90000000011305,690501-0122-6401
90000000009784,540303-0222-6401
90000000024723,101001-0122-6409
90000000017649,010203-0201-0901
90000000013673,570101-0122-2713
90000000017915,110103-0109-0401
90000000000107,290501-0101-0901
90000000009265,690504-0122-6401
90000000011747,541002-0222-6401
90000000033867,540723-0130-2706
90000000002235,170413-0701-2713
90000000008928,530702-0115-2715
90000000004910,270304-0422-6401
90000000005314,680803-0222-6401
90000000015762,541301-0122-2713
90000000009252,690504-0122-6401
90000000022586,681401-0222-6401
90000000018258,160201-0546-2713
90000000025918,020404-0122-0401
90000000018149,100302-0122-6401
90000000019046,580201-0422-0401
90000000024384,030501-0322-6401
90000000020276,690502-0222-6401
90000000031778,690502-0122-6401
90000000021048,481302-0130-6201
90000000010539,170204-0101-2713
90000000035722,600102-0130-2713
90000000016002,541601-0122-5402
90000000006375,541803-0130-2714
90000000003401,510307-0122-6401
90000000034040,650404-0722-6401
90000000033729,530303-0299-2707
90000000016643,480803-0222-0401
90000000015326,480301-0222-6410
90000000019873,150401-0222-6410
90000000030173,543902-0130-2713
90000000030051,540419-0222-6410
90000000023653,660107-0222-6409
90000000030067,540419-0322-6410
90000000002866,140301-0222-6401
90000000016044,020201-0222-6401
90000000026107,541803-0222-2714
90000000021984,541006-0122-2714
90000000026095,541803-0130-2714
90000000029827,660701-0122-6404
90000000023445,510107-0230-5401
90000000030945,481901-0222-6401
90000000023704,780303-0122-6401
90000000005481,481901-0122-6401
90000000015461,541101-0222-2706
90000000016015,320201-0144-0901
90000000017582,680105-0230-6001
90000000030102,690108-0122-6401
90000000025332,400601-0322-6401
90000000008153,481108-0130-2713
90000000009851,160203-0909-2713
90000000027181,660502-0122-6401
90000000028007,640103-0322-2706
90000000024550,760402-0122-2706
90000000026476,650305-0422-5901
90000000013183,210302-0130-2713
90000000003933,481603-0122-2706
90000000031105,160402-0122-6402
90000000030487,481108-0130-2701
90000000007707,531004-9999-4801
90000000026748,650305-0522-0401
90000000000053,620105-0130-2714
90000000015576,340301-0201-4001
90000000016970,480604-0322-6401
90000000028837,570502-0422-0407
90000000028033,101102-0122-6401
90000000008156,481108-0122-6401
90000000018367,780204-0122-6401
90000000019206,250201-0122-0407
90000000015041,680401-0422-6416
90000000024480,580502-0122-0401
90000000022810,541403-0122-6401
90000000019578,481601-0122-6401
90000000024467,580502-0222-0401
90000000021090,280204-0222-6401
90000000021125,280204-0122-6401
90000000020340,020402-0222-6404
90000000020324,020402-0122-6404
90000000034104,120209-0301-0601
90000000031490,700701-0522-3701
90000000006442,040203-0122-6401
90000000001969,410302-0141-2801
90000000032018,060104-0122-6401
90000000009063,170701-9999-4801
90000000009210,210302-0230-3501
90000000028091,200104-0422-6401
90000000034024,650402-0230-2701
90000000027030,660108-0222-6401
90000000005833,830211-0130-2701
90000000003081,681102-0222-6401
90000000003776,170416-9999-2701
90000000006298,680404-0230-2716
90000000004407,481505-0104-2706
90000000018053,541003-0104-2706
90000000033143,411001-0141-6401
90000000000082,110702-9999-6401
90000000008659,190103-0104-2706
90000000010594,801201-0201-5406
90000000031871,030702-0330-5406
90000000027043,660108-0322-6401
90000000004327,640205-0248-2701
90000000012654,760201-0230-2701
90000000019995,510106-0222-6401
90000000034098,110404-0230-2701
90000000035793,110405-0101-2713
90000000003622,802101-0101-5406
90000000013266,800701-0230-5406
90000000028113,200104-0522-6401
90000000004792,410912-0141-6401
90000000001492,830102-0330-2701
90000000003827,420406-0222-6401
90000000005644,670203-0141-6401
90000000030144,100414-0122-6401
90000000008794,170208-0101-2701
90000000034056,710801-0130-2701
90000000035408,030101-0530-2701
90000000000431,580403-0101-2701
90000000003555,840501-0239-2701
90000000029516,660111-0122-0401
90000000010062,830214-0101-2701
90000000029584,651004-0122-6401
90000000007611,541106-0122-6401
90000000006304,680404-0230-2716
90000000003789,660111-0122-6401
90000000027085,260502-0222-6401
90000000033822,280107-0246-2701
90000000009527,380102-0222-6401
90000000029542,660111-0422-6401
90000000003824,660111-0222-6401
90000000027017,660108-0122-6401
90000000010078,410908-0122-6401
90000000021913,690602-0222-0407
90000000002209,510103-0104-4803
90000000033787,170421-0130-2701
90000000034883,440101-0330-2701
90000000025239,200202-0122-6401
90000000031477,700705-0222-6401
90000000032659,330105-0201-0601
90000000025989,040203-0222-6401
90000000034681,830501-0101-2701
90000000028075,200104-0222-6401
90000000002036,510503-0122-6401
90000000027123,260502-0122-6401
90000000019325,230402-0122-6401
90000000005237,710702-0130-2701
90000000031474,700705-0322-6401
90000000035017,690106-0122-6401
90000000033662,430502-0346-2701
90000000027408,270303-0122-6401
90000000006881,570114-0222-6401
90000000024140,260205-0122-6401
90000000031028,500302-0122-6401
90000000007855,510211-0222-6401
90000000028078,200104-0322-6401
90000000012016,200102-0222-6401
90000000034963,510504-0122-6401
90000000023733,670402-0222-6401
90000000029571,651401-0222-6409
90000000031394,260105-0122-6401
90000000024153,260105-0222-6401
90000000030147,100414-0222-6401
90000000027700,711002-0122-6401
90000000018322,510402-0122-6401
90000000028677,420405-0222-6401
90000000013061,510202-0122-6401
90000000023419,660105-0122-6401
90000000007922,481503-0122-6401
90000000023762,670402-0422-6401
90000000011609,480704-0122-2706
90000000001655,190401-0130-2701
90000000019466,690601-0222-6401
90000000024614,070901-0122-6401
90000000015871,070301-0503-1701
90000000003270,660702-0122-6401
90000000007813,580501-0122-6401
90000000027924,411501-0122-6401
90000000002863,170103-0101-2701
90000000023397,660105-0222-6401
90000000023778,670402-0122-6401
90000000019831,650501-0122-6401
90000000024169,260205-0222-6401
90000000035575,510214-0122-6401
90000000010427,510103-0122-0407
90000000030336,170103-0101-3501
90000000009499,420402-0122-6401
90000000027995,541710-0122-6401
90000000020462,410913-0241-6401
90000000005157,020503-0230-2701
90000000006102,690505-0622-6409
90000000000543,260703-0322-6401
90000000005343,110404-0330-2701
90000000003257,543901-0122-2706
90000000023736,670402-0322-6401
90000000012503,570103-0122-2706
90000000020763,610102-0222-6401
90000000002799,270301-0322-6401
90000000008278,570112-0222-6401
90000000024688,101001-0322-6401
90000000000559,260703-0122-6401
90000000008355,510210-0122-6401
90000000013199,140204-0209-4801
90000000010020,510213-0222-6401
90000000006253,030402-0122-5901
90000000028606,270305-0322-6401
90000000033374,660105-0422-6401
90000000000546,260703-0222-6401
90000000011065,510215-0122-6401
90000000014692,260305-0322-6401
90000000003587,190106-0122-6409
90000000013984,540301-0222-6401
90000000023403,660105-0322-6401
90000000031406,270301-0122-6401
90000000028690,420405-0122-6401
90000000034396,640102-0645-4301
90000000010786,510402-0222-6401
90000000019479,690601-0122-6401
90000000031733,780301-0122-6401
90000000012859,690101-0122-6401
90000000004779,830303-0122-6401
90000000015166,270301-0422-6401
90000000020382,410902-0222-6401
90000000023531,570112-0122-6401
90000000017412,481101-0222-6401
90000000006096,541708-0222-2701
90000000031403,270305-0122-6401
90000000010770,541402-0322-6401
90000000000501,420202-0222-6401
90000000023083,260204-0222-6401
90000000020766,610102-0122-6401
90000000014788,260305-0422-6401
90000000023070,260204-0122-6401
90000000031432,270301-0222-6401
90000000002331,510501-0222-6401
90000000009524,380102-0122-6401
90000000029933,260208-0422-6401
90000000032198,101001-0122-6401
90000000005468,310202-0122-6401
90000000020016,542403-0122-2706
90000000028523,690506-0322-6401
90000000013660,510101-0122-6401
90000000018828,170602-0701-2713
90000000007871,541902-0122-0401
90000000001924,410304-0141-6401
90000000031217,240101-0222-6401
90000000001399,510604-0222-6401
90000000015121,240101-0122-6401
90000000031419,270305-0222-6401
90000000027815,680803-0222-6409
90000000005724,100202-0120-6401
90000000031365,260405-0122-6401
90000000002821,710103-0322-6401
90000000009787,540303-0122-6401
90000000004433,541712-0122-6401
90000000015246,540901-0222-6401
90000000004981,140303-0222-6401
90000000029869,260208-0122-6401
90000000034136,500304-0122-6401
90000000003308,600105-0230-2706
90000000021128,542003-0122-6401
90000000009771,540303-0322-6401
90000000004965,140303-0422-6401
90000000019072,580201-0422-6409
90000000006990,760801-0322-6401
90000000030189,490303-0122-6401
90000000011350,470201-0122-6401
90000000031397,260108-0122-6401
90000000026120,660203-0122-6401
90000000026883,541708-0222-6401
90000000019860,150401-0122-6401
90000000002581,260401-0130-3501
90000000000069,110406-0130-3501
90000000000703,500402-0122-6401
90000000026870,541708-0122-6401
90000000034271,541709-0122-6401
90000000029949,541714-0122-6401
90000000024435,580601-0222-6401
90000000019562,542402-0222-2701
90000000004122,510109-0122-6401
90000000020705,510303-0222-6401
90000000029747,420407-0122-6401
90000000034572,370105-0122-6401
90000000004737,100204-0122-6401
90000000007105,690105-0222-6401
90000000004968,140303-0322-6401
90000000010943,541104-0122-6401
90000000000396,510508-0122-6401
90000000000175,570121-0122-6401
90000000027290,691001-0122-6401
90000000025130,690105-0122-6401
90000000033457,200103-0122-6401
90000000011337,470201-0222-6401
90000000019889,100303-0122-6401
90000000003472,290501-0401-4001
90000000033499,100204-0322-64
90000000019575,542402-0322-2706
90000000027684,411202-0322-2801
90000000004087,570120-0122-6401
90000000026069,540305-0122-6401
90000000003225,490303-0222-6401
90000000009691,350103-0130-2701
90000000029962,541714-0222-6401
90000000009037,430401-0141-2706
90000000000905,480103-0104-2706
90000000019421,541602-0320-2714
90000000017511,480302-0222-6401
90000000010158,510601-0122-6401
90000000008371,510107-0222-6401
90000000019911,100303-0222-6401
90000000018098,541003-0122-2706
90000000029023,510110-0222-6401
90000000029638,370105-0301-0601
90000000024986,481901-0222-2801
90000000026774,650305-0922-5601
90000000003363,140112-0222-6401
90000000015099,110201-0122-6402
90000000016195,570303-0122-2706
90000000020981,780206-0222-6401
90000000033117,780502-0222-2706
90000000021372,340303-0301-4001
90000000013756,800101-0222-0407
90000000033470,070301-0230-4803
90000000027001,660108-0522-6401
90000000030064,540419-0422-6401
90000000013003,800101-0222-6409
90000000003638,681303-0522-6409
90000000030038,542103-0122-6401
90000000024371,720102-0122-6402
90000000028116,200104-0141-6401
90000000034950,270106-0322-6401
90000000034178,541106-0222-2706
90000000003904,481903-0122-6401
90000000031134,140104-0122-6401
90000000027046,660108-0422-6401
90000000006701,270601-0222-6401
90000000022000,270602-0122-6401
90000000031518,010101-0322-6401
90000000030333,670101-0122-0401
90000000000136,370105-0301-0901
90000000006282,520105-0122-2706
90000000033864,540722-0330-2714
90000000010690,830402-0122-6401
90000000001463,450202-0241-6401
9E+13,560307-0341-2706
90000000012013,200102-0122-6401
90000000027927,020503-0122-6408
90000000029299,760202-0122-0407
90000000014621,690201-0222-0401
90000000016384,240501-0422-6401
90000000002959,690201-0322-6401
90000000034133,570202-0130-2701
90000000034415,830401-0422-6401
90000000024643,770106-0222-6401
90000000014906,480101-0222-6401
90000000027014,660108-0622-6401
90000000015323,480301-0122-6401
90000000006378,541803-0322-2706
90000000025345,400601-0122-6401
90000000035248,680404-0330-2716
90000000034338,570306-0130-2701
90000000007243,481901-0130-2701
90000000012926,570201-0130-2701
90000000012151,340202-0401-3601
90000000034921,420403-0222-6401
90000000023502,543101-0122-6401
90000000005820,150601-0222-6401
90000000023217,190104-0122-6401
90000000034431,830401-0622-6401
90000000011584,480604-0422-6401
90000000008220,660104-0222-6401
90000000032156,100602-0122-6409
90000000034418,830401-0255-6401
90000000023791,481108-0322-6401
90000000013891,010101-0422-6401
90000000013006,800101-0222-2706
90000000032124,410702-0122-6401
90000000033223,350301-0201-0901
90000000008140,481108-0422-6401
90000000025092,010204-0122-0401
90000000022224,280301-0222-6401
90000000004289,070902-0122-6404
90000000023230,190104-0222-6401
90000000033902,540202-0122-6401
90000000030211,690109-0122-6401
90000000002677,520201-0209-2706
90000000026418,650305-1022-5601
90000000009101,100602-0222-6409
90000000033595,570406-0122-0401
90000000003443,050104-0222-6401
90000000021279,690503-0122-6401
90000000002091,690203-0122-0401
90000000031070,842001-0222-0407
90000000013330,250104-0322-6409
90000000002690,520201-9999-2701
90000000000178,481803-0230-2701
90000000000258,481602-0222-2706
90000000000287,680110-0122-0401
90000000000338,580204-0122-6401
90000000000380,480305-0222-6401
90000000000393,510509-0122-6401
90000000000514,670703-0122-6401
90000000000694,110103-0109-0401
90000000000706,801902-0101-5406
90000000000745,411202-0230-2701
90000000000774,190602-0122-0401
90000000000812,801901-0101-5406
90000000000857,330303-0201-0601
90000000001017,070105-0101-4001
90000000001088,510506-0122-6401
90000000001126,070104-0209-6401
90000000001168,720401-0122-6402
90000000001197,510403-0129-4801
90000000001203,101101-0122-6401
90000000001219,430402-0141-5602
90000000001274,650403-0530-3501
90000000001290,690801-0122-6401
90000000001328,191001-0130-2701
90000000001357,150602-0122-6401
90000000001479,720301-0122-6401
90000000001562,580203-0301-5406
90000000001764,210302-0322-6401
90000000001815,681201-0122-6401
90000000001911,542601-0222-0401
90000000001940,410904-0122-6401
90000000002049,710601-0101-0901
90000000002062,840201-0130-2701
90000000002078,280203-0101-5406
90000000002376,541104-0522-6401
90000000002389,840101-0141-2706
90000000002424,410914-0141-6401
90000000002440,770201-0230-6201
90000000002728,802401-0201-5406
90000000002741,570102-0101-5406
90000000002850,710102-0122-0401
90000000002901,550202-0122-6401
90000000002943,680301-0130-2706
90000000002946,250101-0222-6401
90000000002972,690201-0130-3501
90000000002985,550201-0122-6401
90000000002988,150201-0122-6401
90000000003010,150201-0130-3501
90000000003379,530402-0109-2701
90000000006080,330302-0101-0901
90000000006333,430202-0215-2714
90000000006362,690106-0122-6401
90000000006788,280401-0101-5406
90000000007070,541302-0101-5406
90000000007640,600401-0222-6401
90000000008630,530901-9999-2701
90000000008912,170201-9999-2713
90000000011472,680103-0122-6401
90000000011773,790103-0130-6001
90000000012923,370101-0201-0601
90000000013279,020407-0222-2706
90000000013497,481112-0122-6401
90000000013804,010101-0222-6408
90000000013807,010101-0222-6404
90000000014067,170201-0101-2713
90000000014730,250101-0322-6401
90000000014823,250101-0122-0401
90000000014881,480201-0222-6401
90000000015547,280202-0101-0901
90000000016198,260202-0122-6401
90000000016925,480810-0122-2706
90000000017265,410106-0209-2706
90000000017390,481101-0101-4001
90000000017569,370401-0101-0601
90000000017713,150302-0209-2706
90000000017716,150302-0609-2706
90000000017729,150305-0409-2706
90000000017758,150305-0409-2706
90000000017809,150305-0409-2706
90000000018133,410501-0222-0401
90000000018514,020401-0122-6409
90000000018559,110402-0201-4001
90000000018652,170303-0201-2713
90000000018706,170303-0401-2713
90000000018950,170303-0701-2713
90000000019043,800902-0101-5406
90000000019181,710901-0122-6401
90000000021602,410104-0209-2713
90000000021647,260403-0122-6401
90000000021660,260403-0222-6401
90000000022035,100409-0222-6401
90000000022147,570204-0130-2713
90000000022298,681002-0622-6401
90000000022304,140503-0315-2713
90000000022442,210202-0122-6401
90000000022512,340103-0201-4001
90000000022906,100705-0115-2715
90000000023012,560305-0109-2701
90000000023099,260104-0222-6401
90000000023816,410604-0422-6401
90000000024646,770106-0222-6401
90000000025188,340205-0101-4001
90000000025303,740201-0101-5406
90000000025348,240105-0122-6401
90000000025441,250104-0222-0401
90000000025454,250105-0130-2713
90000000025915,740104-0101-5406
90000000026338,680404-0230-2716
90000000026668,651002-0422-6401
90000000026681,651003-0122-0401
90000000026694,651003-0122-6418
90000000026703,650310-0122-6401
90000000027642,660109-0422-0401
90000000027655,660109-0522-0401
90000000027751,240602-0322-6401
90000000027764,140202-0209-2706
90000000028315,640214-0130-2713
90000000028318,640214-0230-2713
90000000028331,640214-0230-2713
90000000028565,420202-0122-6401
90000000028674,710802-0130-2713
90000000028725,430603-0222-2706
90000000028728,430603-0522-2713
90000000028741,430603-0122-2706
90000000028783,020804-0122-6401
90000000029052,580504-0122-6401
90000000029161,411601-0101-0601
90000000029177,411601-0230-2713
90000000029379,140505-0115-2713
90000000029392,140505-0115-2713
90000000029401,801502-0101-4001
90000000029414,801502-0101-5406
90000000029731,801102-0201-5406
90000000030413,170301-0201-2713
90000000031938,020404-0222-0401
90000000032387,110103-0615-5406
90000000032941,350301-0130-5401
90000000033159,620102-0122-2701
90000000033771,760303-0141-2601
90000000034095,030102-0122-2701
90000000034447,510110-0122-6401
90000000034476,640206-0501-2701
90000000034585,160102-0130-2701
90000000034694,520207-9999-2701
90000000034697,870101-0101-6001
90000000034703,870101-0101-1701
90000000034748,870202-0137-2713
90000000034761,870202-0137-2713
90000000034777,870204-0137-2713
90000000035328,870101-0201-1701
90000000035341,870101-0301-6001
90000000035421,030101-0630-2701
90000000000098,250401-0230-3501
90000000000402,580801-0130-2713
90000000000415,580801-0230-2713
90000000001341,320501-0101-3601
90000000001998,160203-0109-2713
90000000002632,650201-0822-6416
90000000002914,480201-0622-6409
90000000004016,430801-0230-2701
90000000009838,160203-0409-2713
90000000010318,250201-0130-2713
90000000011023,170422-9999-2714
90000000013237,030101-0430-5401
90000000013942,510301-0130-5402
90000000014557,200101-0222-6401
90000000014570,200101-0122-6401
90000000015214,030101-0430-5401
90000000015365,760301-0241-2601
90000000016592,480801-0130-6001
90000000018271,160201-0846-2713
90000000018284,160201-0546-2713
90000000018335,510520-0122-6401
90000000018396,430102-0541-6401
90000000018857,170602-0101-2713
90000000018870,170602-0101-2713
90000000019165,190401-0422-6401
90000000019450,030201-0322-5901
90000000019982,670501-0122-6401
90000000022333,140503-0315-2713
90000000023573,250102-0122-6401
90000000023576,250102-0222-6401
90000000023682,800602-0101-5406
90000000024768,543201-0530-2713
90000000025742,680802-0622-6401
90000000025902,260106-0122-6401
90000000026056,510901-0230-6001
90000000027421,270303-0222-6401
90000000027562,670203-0822-6401
90000000028235,650502-0222-6401
90000000028347,640214-0330-2713
90000000028597,030702-0130-1601
90000000028645,100413-0222-6401
90000000029350,140505-0215-5401
90000000033281,840501-0339-2701
90000000033675,620104-0122-2706
90000000034719,870302-0222-2713
90000000000623,500104-0222-0401
90000000002645,650201-0122-6416
90000000004475,130308-0122-6401
90000000004708,130306-9999-4801
90000000009348,541005-0229-0901
90000000013090,010101-0522-5901
90000000013234,830214-0130-2701
90000000013263,681303-0622-6401
90000000013509,640206-0701-5404
90000000013551,681303-0722-6401
90000000013875,010101-0322-6406
90000000014634,690201-0322-0407
90000000014948,480102-0222-2706
90000000015243,540901-0122-6401
90000000015394,570106-0122-2706
90000000015736,240202-0222-6401
90000000017678,150302-0809-2706
90000000018402,430102-0641-6401
90000000019277,400302-0129-2801
90000000020196,260103-0122-6401
90000000020353,410901-0122-6401
90000000020404,410904-0122-6401
90000000020708,020501-0322-6401
90000000020997,070102-0122-6401
90000000021955,540304-0122-6401
90000000022295,681002-0430-2705
90000000022666,890101-0222-0401
90000000022990,560302-0115-2701
90000000023855,640206-0601-0901
90000000024739,700501-0130-3501
90000000026082,540305-0222-6401
90000000027139,480503-0322-6401
90000000027463,531302-0246-2701
90000000027911,020408-0122-6406
90000000027953,020503-0222-6401
90000000027969,020503-0322-6401
90000000028155,680405-0122-6401
90000000028222,650502-0122-6401
90000000029513,660111-0522-6401
90000000029664,340703-0112-0901
90000000029882,260208-0222-6401
90000000030224,690109-0222-6401
90000000030528,390401-0209-6003
90000000030608,541302-0130-5406
90000000030650,651002-0122-6408
90000000033598,640219-0130-2701
90000000033604,640219-0230-2701
