NUPCO Code,MRID
51151710003,910101-0201-5406
51151710000,910101-0101-5406
51151710001,910101-0101-5406
51142106003,890101-0330-2713
51142106005,890101-0322-6410
51142106004,890101-0230-6001
51142106001,890101-0222-6401
51179000009,890101-0130-5401
51142106006,890101-0122-6401
51211623000,880201-0122-0401
51212500001,870302-0430-2713
51212503009,870302-0430-2713
51441512000,870203-0137-2713
51191605003,860102-9999-3001
51191605001,860102-9999-2713
51191605002,860102-9999-2713
51473504002,860102-0534-2713
51191605004,860102-0534-2713
50161512100,860101-9999-6201
51191902016,850101-0122-4801
51441606000,840102-0122-6401
51211601000,830403-0122-2706
51172321001,830402-0130-5401
51172321000,830402-0122-6410
51211699003,830401-0622-6410
51211699004,830401-0522-6410
51211699005,830401-0422-6410
51211699002,830401-0322-6416
51211699001,830401-0222-6416
51211699000,830401-0122-6416
51211610000,830304-0101-4804
51171926000,830303-0122-6410
51171926001,830303-0104-4804
51211610001,830301-0101-4804
51142999001,830216-0130-2713
51101836003,830215-0104-2713
51211609001,830213-0101-2713
51121610001,830212-0104-4801
51142302000,830210-0146-2713
51142302001,830210-0130-2713
51211615001,830209-0130-2713
51111713017,830208-0130-2713
51172313000,830207-0107-5401
51401525000,830206-0130-2713
51211604001,830204-0130-2713
51192014001,830106-0222-2706
51192014000,830106-0122-2706
51112102000,830105-0122-2701
51211617002,830102-0230-2713
51211617004,830102-0222-2713
51211617000,830102-0222-2713
51211619001,830102-0222-2713
51211617003,830102-0130-2713
51211617001,830102-0122-6401
51192601000,830101-0122-2713
51101518003,810201-0122-5406
51212399000,802201-0146-5406
51102402001,801810-0101-5406
51142148003,801802-0430-2713
51142148006,801802-0430-2701
51142148002,801802-0430-2701
51142148004,801802-0301-5406
51102500004,801706-0122-5406
51102500009,801704-0101-5406
51102500003,801703-0117-6003
51101584003,801601-0101-5406
51101584001,801601-0101-4001
51281626005,801503-0101-6003
51181704002,801503-0101-4001
51212550001,801501-0101-5406
51142908015,801402-0101-5406
51212303000,801401-0130-2713
51212303002,801401-0101-5406
51422206005,801207-0141-2501
51181708003,801204-0301-5406
51181708002,801204-0101-6003
51181736000,801202-0101-6003
51181704008,801201-0141-2501
51181704009,801201-0101-5406
51151606000,801102-0101-5406
51151606001,801102-0101-5406
51151605001,801101-0201-5406
51151605002,801101-0101-5406
51151605000,801101-0101-5406
51191602000,801015-0101-5406
51191602009,801015-0101-5406
51191602007,801014-0201-5406
51191602066,801014-0101-5406
51191999903,801012-0101-5406
51172319004,801010-0130-5406
51241299003,801008-9999-3101
51131905000,801007-0122-5406
51191999900,801004-0101-5406
50161512101,801003-0134-5401
51191999901,801002-0201-5406
51171631006,801002-0101-5406
51241299005,801001-0101-0601
51142198000,800903-0101-6003
51142104002,800902-0101-5406
51382401000,800901-0101-5406
51111753000,800802-0130-2713
51241116000,800704-0146-5406
51241199000,800703-0141-5406
51241110001,800702-0130-5406
51241103002,800701-0130-5406
51241115003,800609-0130-5406
51241110002,800608-0130-5406
51241119900,800607-0130-5406
51241119901,800607-0130-5406
51241115002,800606-0130-6003
51151702000,800605-0130-5406
51241103003,800604-0130-5406
51241115001,800603-0230-5406
51241115000,800603-0130-5406
51151814001,800601-0101-5406
51392202000,800501-0130-5406
51161903001,800405-0201-5406
51161903000,800405-0101-5406
51151724000,800404-0101-5406
51151724001,800403-0101-5406
51313205001,800305-0130-6003
51161511001,800302-0101-5406
51161699001,800301-0130-5406
51241101000,800201-0122-4801
51241107000,800104-0101-5406
51241104000,800102-0101-5406
51141501001,800101-0222-6401
51141501002,800101-0122-6401
51181400001,790301-0222-2301
51181400000,790301-0122-6401
51142945000,790201-0130-2713
51161710000,790103-0130-6001
51161702001,790101-0130-2713
51161890004,780507-0130-6201
51161890001,780506-0130-5401
51161620000,780502-0230-2713
51161890009,780502-0130-6201
51171820000,780501-0122-6401
51161630000,780401-0230-6201
51161630002,780401-0130-2713
51161630003,780401-0122-6401
51161614000,780305-0122-6401
51313106000,780303-0122-6410
51161615001,780301-0130-6201
51161615000,780301-0122-6410
51179000002,780301-0122-6410
51161609001,780213-0130-6201
51161606000,780208-0130-6201
51161606001,780208-0122-6401
51313704001,780207-0230-5406
51313704002,780207-0130-6201
51161621000,780206-0222-6410
51312203000,780204-0130-6201
51312203001,780204-0122-6410
51312202001,780203-0122-6401
51181607003,770303-0122-6401
51212003000,770302-9999-3501
51161890006,770301-0130-6201
51161808000,770202-0130-3501
51142202000,770201-0122-6401
51172324000,770106-0130-2713
51172324001,770106-0122-6410
51161708000,770105-0130-5401
51161811001,770103-0130-6201
51161811000,770103-0122-6401
51161701001,770101-0222-6408
51161701002,770101-0130-2713
51161508001,761001-0330-5401
51161508003,761001-0230-5401
51161508004,761001-0146-2713
51151701000,761001-0130-6201
51161508006,761001-0122-6401
51151703000,760901-0130-5401
51161515004,760801-0322-6410
51161515003,760801-0222-6402
51161515002,760801-0122-6402
51161515001,760801-0122-2301
51151706000,760701-0146-2713
51151720005,760606-0641-4801
51181722003,760606-0541-4801
51151720004,760606-0441-4801
51151720001,760606-0341-6001
51151720003,760606-0241-6001
51161508000,760606-0241-2601
51151720002,760606-0141-6001
51181722010,760604-0341-6001
51181722012,760604-0241-6001
51181722011,760604-0141-6001
51161599002,760603-0341-2601
51161599001,760603-0141-2601
51421501000,760507-0141-4801
51161524002,760505-0141-5401
51201557000,760403-0122-2706
51111713007,760402-0130-2713
51161500000,760401-0130-2713
51181722002,760303-0341-2601
51181722004,760303-0241-2601
51181722001,760303-0141-2601
51422302001,760302-0141-2601
51161505002,760202-0122-6409
51161505001,760202-0122-6401
51161504000,760201-0130-2713
51161524000,760103-0141-4801
51161705002,760102-0246-5401
51161705001,760102-0230-5401
51102707006,750401-9999-6401
51102713009,750102-0101-3801
51181709002,740406-0201-4001
51181722005,740405-0141-5603
51181722000,740403-0101-5601
51161606003,740303-0130-6201
51161606002,740303-0122-6401
51161699006,740104-0201-5406
51161699007,740104-0101-5406
51313205000,740103-0130-5603
51241298002,730202-0101-5201
51101715001,730201-0201-0901
51101715000,730201-0101-0901
51241222003,730102-0101-5201
51101705000,720501-0122-6401
51101702001,720102-0122-6401
51101702000,720102-0101-6001
51101701000,720101-0222-6401
51101701001,720101-0122-6401
51101907001,711102-0122-6401
51101907000,711101-0122-6401
51102901000,711002-0122-6410
51101906000,711001-0122-6401
51105004002,710802-0130-2713
51101904001,710702-0122-6401
51101904000,710702-0122-6401
51101902000,710701-0122-6401
51101613000,710603-0122-4801
51101903000,710403-0122-6401
51101912000,710402-0122-6401
51101905001,710401-0230-6201
51101905002,710401-0222-6401
51453502002,710302-0130-6001
51101914002,710202-0222-6401
51101914001,710202-0122-6401
51101999000,710201-0122-6401
51101914000,710103-0322-5901
51101914003,710103-0222-4801
51101914007,710103-0122-5901
51101908001,710101-0230-2713
51101908000,710101-0130-2713
51241114003,700801-0122-6401
51241114001,700801-0101-5406
51241114000,700801-0101-5406
51143203000,700702-0322-6410
51143203001,700702-0222-6410
51212202000,700701-0422-6401
51212202002,700701-0328-4301
51212202001,700701-0228-4301
51212202003,700701-0128-4301
51142206021,700501-0222-6401
51142206000,700501-0122-6401
51151514003,700403-0222-6401
51151514000,700403-0122-6401
51151512001,700402-0230-2713
51151512002,700402-0130-2713
51241105000,700301-0146-2713
51422205000,700203-0122-0401
51171807000,700202-0222-6401
51161608002,700201-0322-6401
51161608001,700201-0222-6401
51161608000,700201-0122-6401
51333704001,700108-0122-6401
51141570000,700106-0122-6401
51143009000,700105-0122-6409
51384610000,700104-0122-2701
51143004000,700101-0122-6401
51331705003,691001-0222-0401
51331705002,691001-0122-6410
51331705000,691001-0107-6201
51141541000,690701-0122-6401
51151515004,690603-0322-0401
51151515001,690603-0228-4301
51151515003,690603-0222-0401
51151515000,690603-0128-4301
51151515002,690603-0122-0401
51151510000,690602-0222-6401
51151510001,690602-0122-6401
51141538001,690601-0222-6410
51141538000,690601-0122-6410
51292016001,690506-0322-6410
51292016000,690506-0222-6401
51292016002,690506-0122-6401
51141605002,690505-0622-6401
51141605001,690505-0522-6401
51141605000,690505-0122-6401
51141607001,690504-0222-6410
51141607000,690504-0122-6410
51141618001,690503-0130-3501
51141618000,690503-0122-0401
51141633001,690502-0222-6410
51141633000,690502-0122-6410
51292004000,690501-0122-6410
51142610001,690401-0230-2713
51142610000,690401-0130-2713
51331502001,690303-0222-6401
51331502000,690303-0122-6401
51142618000,690302-0322-6401
51142618001,690302-0222-6409
51142618002,690302-0122-6409
51121766004,690301-0522-0401
51121766003,690301-0422-0401
51121766002,690301-0322-0401
51121766001,690301-0222-0401
51121766000,690301-0122-0401
51141623001,690205-0222-6401
51141623000,690205-0122-6401
51141621002,690204-0322-6401
51141621001,690204-0222-6401
51141621000,690204-0122-6401
51141602001,690203-0222-6401
51141602000,690203-0122-6401
51141616003,690202-0322-6401
51141616000,690202-0222-6404
51141616002,690202-0122-6404
51141601001,690201-0222-6401
51141601000,690201-0222-6401
51141601002,690201-0122-6401
51294423000,690109-0122-6410
51141636001,690108-0222-0407
51141636002,690108-0122-0407
51294412000,690107-0122-6401
51141604000,690105-0222-6410
51141604001,690105-0122-6410
51141539001,690104-0222-0405
51141539000,690104-0122-0405
51141639000,690103-0122-6409
51293402001,690102-0222-6411
51293402000,690102-0122-6411
51141699001,690101-0122-6410
51333410001,681602-0122-0401
51331901000,681501-0122-0401
51161637001,681401-0222-0401
51161637000,681401-0130-3501
51141799001,681303-0222-6401
51141799003,681303-0122-6401
51171812003,681302-0130-2713
51171812001,681302-0122-6401
51332812001,681301-0130-2713
51141799004,681202-0430-2713
51141799002,681202-0230-2701
51141799000,681202-0122-6401
51141799005,681201-0130-2713
51362302000,681102-0222-6410
51141702007,681002-0422-6401
51141702000,681002-0330-2713
51141702008,681002-0322-6401
51141702006,681002-0230-2713
51141702003,681002-0222-6401
51141702002,681002-0141-6401
51141702004,681002-0130-5406
51141702001,681002-0122-6401
51141812000,680901-0146-2713
51141722009,680803-0622-6409
51141722007,680803-0522-6409
51141722006,680803-0422-6409
51141722003,680803-0422-6401
51141722005,680803-0322-6409
51141722002,680803-0322-6401
51141722001,680803-0222-6401
51141722004,680803-0122-6401
51141703002,680802-0222-6416
51141703005,680802-0222-6401
51141703004,680802-0222-4801
51141703000,680802-0122-6416
51141703006,680802-0122-6401
51141715001,680801-0222-6401
51141715002,680801-0122-6401
51141798001,680701-0222-6401
51141798000,680701-0130-2713
51141798002,680701-0122-6401
51361501000,680601-0230-6201
51141803000,680601-0130-6201
51402203000,680501-0122-6401
51141704006,680405-0822-2708
51141704003,680405-0722-2708
51141704002,680405-0622-2708
51141704004,680405-0522-6401
51141704001,680405-0322-6401
51141704009,680405-0222-6401
51141704005,680405-0130-5401
51332003008,680404-0722-2716
51332003007,680404-0622-2716
51332003005,680404-0222-6409
51332003004,680404-0122-6409
51141634001,680401-0422-6401
51141634002,680401-0322-6401
51141634003,680401-0222-6401
51294403001,680401-0122-2706
51332103000,680202-0322-6401
51332103001,680202-0122-0401
51141730002,680201-0422-6401
51141730001,680201-0322-6401
51141730000,680201-0222-6401
51141542007,680108-0430-2713
51141542008,680108-0330-3501
51141542001,680108-0230-2713
51141542012,680108-0230-2713
51141542011,680108-0130-5401
51141916000,680107-0230-2713
51141916002,680107-0222-6401
51141916004,680107-0130-2713
51141916001,680107-0122-6401
51141920000,680106-0430-1701
51141920001,680106-0330-1701
51141920002,680106-0230-3501
51141920005,680106-0222-6401
51141920003,680106-0130-2713
51141920004,680106-0122-6401
51401515001,680105-0230-6001
51401515000,680105-0122-6401
51171907001,680104-0122-6401
51401501001,680102-0222-6401
51401501002,680102-0122-6401
51141919000,680101-0222-6401
51141919001,680101-0141-6401
51151604001,670602-0122-6401
51151604000,670602-0122-6401
51151603001,670601-0130-2713
51151603000,670601-0122-6401
51142502004,670404-0122-6401
51143501003,670402-0422-6410
51143501001,670402-0322-6410
51143501000,670402-0222-6410
51143501002,670402-0122-6410
51142502006,670401-0322-0601
51142502003,670401-0222-6401
51142502002,670401-0222-6401
51142502001,670401-0122-6401
51151602003,670301-0122-6401
51151602001,670301-0122-6401
51151602000,670301-0122-6401
51142538002,670205-0428-4301
51142538003,670205-0328-4301
51142538001,670205-0228-4301
51142538000,670205-0128-4301
51142508002,670203-0622-6401
51142508008,670203-0522-6401
51142508001,670203-0222-6401
51102302000,670101-0122-6401
51141509000,660702-0122-6410
51141530006,660701-0330-5401
51141530001,660701-0322-6401
51141530007,660701-0322-6401
51141530005,660701-0222-4801
51141530002,660701-0130-3501
51141530003,660701-0122-6404
51141526000,660602-0222-6401
51141526001,660602-0122-6401
51141505009,660601-0422-6401
51141505007,660601-0330-2713
51141505000,660601-0322-6401
51141505001,660601-0230-3501
51141505005,660601-0222-6401
51141505008,660601-0130-2713
51141505004,660601-0122-6401
51141507005,660502-0330-5401
51141507001,660502-0230-2713
51141507003,660502-0222-0401
51141507002,660502-0130-6001
51141507000,660502-0122-0401
51141508001,660401-0130-3501
51141508000,660401-0122-0401
51141502002,660301-0222-6401
51141502000,660301-0130-2713
51141578001,660204-0222-6401
51141578002,660204-0130-6001
51141578000,660204-0122-6401
51141522004,660203-0322-6401
51141522001,660203-0222-6401
51141522002,660203-0130-6001
51141522000,660203-0122-6410
51141513002,660201-0322-6409
51141513001,660201-0230-6001
51141513004,660201-0222-6401
51141513003,660201-0122-6409
51141513000,660201-0122-6401
51141514000,660112-0222-0401
51141514001,660112-0122-0401
51141528004,660111-0422-6410
51141528003,660111-0322-0401
51141528001,660111-0222-6410
51141528002,660111-0122-6410
51141534002,660109-0322-0401
51141534000,660109-0222-0401
51141534001,660109-0122-0401
51141563009,660108-0622-6410
51141530000,660108-0522-6410
51141530011,660108-0422-6410
51141530004,660108-0322-6410
51141530010,660108-0222-6410
51141530009,660108-0122-6410
51141518004,660107-0422-6401
51141518001,660107-0222-6410
51141518002,660107-0130-6201
51141518003,660107-0130-2713
51141504001,660106-0422-6401
51141504005,660106-0422-3501
51141504002,660106-0322-6401
51141504003,660106-0222-6401
51141504004,660106-0122-6402
51141563004,660105-0422-6410
51141563003,660105-0322-6410
51141563005,660105-0230-5401
51141563002,660105-0222-6410
51141563008,660105-0130-2701
51141563001,660105-0122-6410
51141517002,660104-0322-0401
51141517001,660104-0222-0401
51141517000,660104-0122-0401
51371601004,651401-0222-6410
51371601003,651401-0130-2713
51371601001,651401-0122-0401
51294906000,651301-0122-6404
51384603000,651201-0101-5406
51371803001,651101-0130-2713
51371803000,651101-0130-2713
51371601005,651004-0122-6410
51142001000,651003-0122-6401
51142001013,651003-0122-6401
51372108008,651001-0122-6401
51404030000,650701-0122-6401
51142402003,650503-0422-6401
51142402000,650503-0322-6401
51142402001,650503-0222-5601
51142402004,650503-0130-2713
51142412000,650501-0122-6410
51372108002,650404-0722-0401
51372108003,650404-0522-6409
51372108006,650404-0322-6409
51372108007,650404-0322-0401
51372108001,650404-0130-2713
51372108004,650404-0122-6409
51372108005,650404-0122-0401
51142206006,650403-0422-6409
51142206001,650403-0322-6409
51142206003,650403-0230-2713
51142206004,650403-0222-6409
51142206012,650403-0222-6401
51142206009,650403-0146-2713
51142206002,650403-0130-3501
51142206008,650403-0122-6401
51372107014,650402-0622-6409
51372107013,650402-0522-6409
51372107005,650402-0422-6409
51372107004,650402-0322-6401
51372107011,650402-0322-6401
51372107012,650402-0222-6409
51372107000,650402-0222-6401
51372107009,650402-0130-5401
51372107010,650402-0122-6401
51142001001,650305-0522-6401
51142001011,650305-0522-5901
51142001002,650305-0430-5401
51142001005,650305-0322-5901
51142001006,650305-0230-5406
51142001004,650305-0222-5901
51142001003,650305-0130-6201
51142001023,650305-0122-5901
51372003002,650201-0345-4301
51372003001,650201-0245-4301
51372003000,650201-0145-4301
51142921000,640501-0122-4801
51142941000,640405-0201-2704
51142941002,640405-0130-2713
51142941001,640405-0101-2704
51271702000,640404-9999-5401
51272204001,640403-0230-2713
51272204000,640403-0130-2713
51142933000,640402-0130-2713
51142942001,640303-0134-5401
51272406000,640302-9999-3501
51142927000,640301-0101-3501
51273006001,640211-0101-2713
51273006000,640210-0101-2701
51142908020,640209-0101-0901
51142908012,640208-0230-2713
51142908003,640208-0201-2713
51142908011,640208-0101-2713
51171631016,640206-9999-0601
51142908007,640206-0401-2713
51142908027,640206-0401-2713
51142908018,640206-0401-2713
51142908010,640206-0401-0601
51142908002,640206-0401-0601
51142908006,640206-0301-2713
51142908017,640206-0301-2713
51142908028,640206-0301-2701
51142908016,640206-0201-4301
51142908008,640206-0201-4001
51142908009,640206-0101-5601
51142910000,640205-0148-2713
51142905001,640202-0201-2713
51142905000,640202-0201-2713
51142905003,640202-0101-2713
51273010000,640104-0130-2713
51142232000,640103-0222-2706
51273009002,640103-0146-2706
51273009001,640103-0122-2706
51372305005,640102-0445-4301
51372305001,640102-0345-4301
51372305000,640102-0245-4301
51372305009,640102-0241-6416
51372305013,640102-0146-2713
51372305003,640102-0146-2713
51372305002,640102-0146-2713
51372305007,640102-0145-4301
51372305006,640102-0141-6416
51372305014,640101-0146-2713
51140000000,630104-0130-2713
51140000002,630102-0130-2713
51202000000,630101-0222-2305
51182428001,620202-0230-2713
51182428000,620202-0130-2713
51182428004,620201-0330-2713
51182428003,620201-0230-2713
51182428002,620201-0130-2713
51182415001,620105-0230-2713
51182415002,620105-0130-5401
51182416000,620104-0130-2713
51182423001,620103-0122-6410
51182406001,620101-0122-6401
51211502000,610201-0141-6401
51192008000,610102-0222-6410
51211501001,610101-0222-6401
51211501000,610101-0122-6401
51151911000,600701-0130-2713
51151903002,600501-0322-0401
51151903001,600501-0222-0401
51151903000,600501-0122-4801
51152005003,600301-0109-2706
51152014000,600301-0109-2706
51151917001,600203-0222-6401
51151917000,600203-0122-6401
51151901006,600201-0430-2713
51151901004,600201-0222-6401
51151901003,600201-0130-3501
51151901001,600201-0122-6401
51152004000,600105-0130-2706
51152003001,600104-0130-2713
51152009000,600103-0130-2713
51152006001,600102-0130-2713
51152006002,600102-0122-2713
51152001000,600101-0130-5401
51152001002,600101-0130-2713
51212034000,590201-0101-0901
51211608000,580701-0122-0401
51142012000,580601-0222-6410
51142012001,580601-0122-0401
51142140002,580502-0222-6401
51142140001,580502-0122-6401
51142128800,580501-0122-6410
51142128801,580501-0122-2706
51142148001,580403-0130-2713
51142149000,580401-0122-0401
51142138002,580203-0230-2713
51142138000,580203-0201-5406
51142138003,580203-0130-2713
51142138001,580203-0101-5406
51142104001,580201-0722-4301
51142104012,580201-0522-6401
51142104005,580201-0422-6410
51142104004,580201-0422-5901
51142104007,580201-0322-5901
51142104003,580201-0130-2713
51142104013,580201-0122-6416
51142104010,580201-0122-6410
51142104006,580201-0122-6401
51142104008,580201-0122-5901
51142104000,580201-0101-0601
51201504003,570502-0422-0401
51201504007,570502-0322-0407
51201504012,570502-0222-0407
51201504001,570502-0222-0401
51201504006,570502-0130-2713
51201504011,570502-0122-0407
51201504002,570502-0122-0401
51201502003,570501-0330-5401
51201502001,570501-0322-0401
51201502004,570501-0230-2714
51201502005,570501-0222-0401
51201502002,570501-0122-0401
51201502000,570501-0101-1601
51201811000,570406-0222-6401
51201811002,570406-0122-6401
51111599000,570405-0422-0401
51201560000,570404-0222-0401
51201560002,570404-0122-6401
51201549001,570403-0622-0401
51201899001,570403-0322-0401
51201899000,570403-0222-0401
51241243001,570402-0222-0401
51241243000,570402-0122-0401
51201501000,570401-0122-6401
51201501003,570401-0122-2701
51111799001,570310-0230-2713
51111799002,570310-0230-2713
51111799005,570310-0130-5401
51201598004,570309-0230-2713
51201598001,570309-0222-2701
51201598002,570309-0130-2714
51201598000,570309-0122-2701
51111799003,570307-0130-2713
51111717012,570306-0122-2713
51201598015,570305-0130-2713
51182428005,570304-0130-2713
51111713004,570303-0130-2713
51201508000,570302-0122-2706
51201523000,570301-0130-2713
51111720001,570205-0122-2706
51142199001,570203-0222-2701
51142199000,570203-0122-2713
51111713005,570202-0122-2713
51142145000,570201-0130-2713
51142145001,570201-0130-2713
51111717008,570122-0222-2706
51112009007,570121-0122-6410
51201567000,570120-0122-6410
51201515004,570119-0141-6401
51201515001,570119-0122-6404
51201598008,570116-0130-2714
51201599000,570115-0130-5402
51201503003,570114-0322-6401
51201503004,570114-0322-6401
51201503001,570114-0222-6410
51201503006,570114-0222-2701
51201503002,570114-0122-0401
51201549000,570112-0222-6410
51201549002,570112-0122-6410
51201542000,570111-0122-0401
51201541001,570110-0222-6401
51201541000,570110-0122-6401
51201538000,570108-0130-2713
51111713003,570107-0322-2706
51111713010,570107-0122-2706
51111825013,570105-0222-6410
51111825011,570105-0122-6410
51111713009,570104-0122-6410
51201806014,570103-0130-2713
51111713001,570102-0130-2713
51201599001,570101-0222-4803
51201599003,570101-0122-2713
51201809008,560308-0241-2713
51201513002,560306-0246-2713
51201513003,560306-0146-2713
51201809007,560304-0146-2713
51201809002,560304-0109-2713
51201809001,560303-0246-2713
51201809006,560303-0246-2713
51201809003,560303-0146-2713
51201809004,560303-0109-2713
51201803000,560203-0130-2713
51201802001,560201-0346-2713
51201802004,560201-0246-2713
51201802003,560201-0146-2713
51201899002,560105-0130-2713
51343500003,560101-0234-2701
51201647002,560101-0134-2713
51111566000,550502-0222-6401
51111566001,550502-0122-6401
51351609000,550501-0130-2713
51111815002,550404-0422-2707
51111815000,550404-0222-2713
51111815001,550404-0122-2706
51111807000,550403-0522-2707
51111807003,550403-0422-2713
51111807001,550403-0422-2713
51111807002,550403-0222-2701
51111805002,550402-0222-2501
51111805001,550402-0122-2501
51181917000,550401-0130-2713
51182027000,550304-0122-6401
51192099000,550303-0122-0401
51111802000,550302-0222-6401
51111802001,550302-0122-6401
51111820001,550204-0122-6410
51111824000,550203-0122-6401
51111842000,550102-0222-2706
51111842001,550102-0122-2706
51111830001,550101-0222-6410
51111830000,550101-0122-6401
51111772003,543903-0222-0401
51111772000,543903-0130-2713
51111772002,543903-0130-2713
51111772001,543903-0122-0401
51111766000,543903-0122-0401
51111709002,543902-0230-2701
51111709001,543902-0130-2713
51111765000,543801-0122-2706
51111516001,543701-0222-2713
51111516000,543701-0122-2706
51112009008,543501-0522-6401
51112009005,543501-0322-6401
51112009003,543501-0222-6401
51112009004,543501-0122-6401
51111520000,543401-0122-0401
51111698000,543202-0122-2706
51111610001,543201-0530-2713
51111610004,543201-0530-2713
51111610008,543201-0530-2713
51111610011,543201-0530-2713
51111610012,543201-0330-2713
51111610010,543201-0330-2713
51111610005,543201-0230-2713
51111610006,543201-0230-2713
51111610007,543201-0222-6401
51111610003,543201-0222-6401
51111610000,543201-0122-6401
51112201000,543101-0122-6410
51111800000,543001-0322-0401
51111659000,542802-0122-2706
51111642000,542801-0130-2713
51202001000,542702-0122-2713
51201541002,542701-0322-6401
51201541006,542701-0222-6401
51201541005,542701-0122-6401
51111739001,542601-0130-2714
51281809000,542405-0130-2714
51281801001,542404-0122-2701
51281803000,542403-0130-2713
51281803001,542403-0130-2713
51281803002,542403-0130-2713
51111711000,542402-0130-2714
51111711002,542402-0130-2714
51111711001,542402-0130-2714
51111711004,542402-0122-2701
51111703000,542401-0122-2701
51111702000,542301-0141-4801
51111519003,542202-0622-0401
51111519000,542202-0322-0401
51111519001,542202-0222-0401
51111508000,542201-0222-2706
51111508001,542201-0122-2706
51112021001,542103-0122-6410
51111561000,542006-0122-6401
51111646000,542005-0130-2713
51111609001,542004-0130-6001
51111609000,542004-0122-6401
51111604000,542003-0222-2706
51111604001,542003-0122-6410
51111629000,542002-0130-2713
51201527000,542001-0130-2713
51201527001,542001-0122-6401
51111504000,541901-0122-4803
51111822001,541803-0322-2714
51111822000,541803-0130-2714
51111822002,541803-0130-2706
51111506002,541802-0230-2714
51111506001,541802-0130-2713
51111506000,541802-0130-2713
51111503000,541801-0130-2714
51111503001,541801-0130-2714
51112010001,541714-0222-6410
51112010000,541714-0122-6410
51111897001,541713-0322-0401
51112009002,541713-0222-0401
51112009006,541713-0122-0401
51112202000,541712-0122-6410
51111825005,541710-0122-6410
51112006000,541708-0222-6410
51112006001,541708-0122-6410
51111825012,541707-0222-0401
51111899006,541707-0122-0401
51115004001,541706-0222-0401
51115004002,541706-0122-0401
51112000002,541705-0122-0401
51112012002,541704-0222-0401
51112012001,541704-0122-0401
51111904000,541603-0230-2714
51111904001,541603-0230-2714
51111904003,541603-0230-2714
51111904004,541603-0230-2713
51111904002,541603-0230-2713
51111902002,541602-0230-2713
51111902003,541602-0230-2713
51111728000,541601-0130-2713
51111502000,541501-0130-2713
51111502001,541501-0122-6401
51111899002,541403-0222-6401
51111899001,541403-0122-0401
51111898001,541402-0322-6410
51111898002,541402-0122-6401
51112019000,541401-0222-6410
51112019001,541401-0122-6410
51111704002,541302-0222-4801
51111704004,541302-0122-4801
51111733000,541301-0109-4801
50501701003,541106-0130-2706
50501701002,541106-0122-6410
51111509002,541105-0204-2706
51112510003,541105-0122-2706
51111509000,541105-0104-2706
51111507003,541104-0422-2701
51111507000,541104-0322-2706
51111507001,541104-0222-2706
51111507004,541104-0122-6410
51111505000,541102-0122-6401
51111530000,541101-0130-2713
51111530001,541101-0122-2706
51442007001,541007-0222-6410
51102317001,541007-0122-6410
51111617000,541006-0130-2713
51111617001,541006-0130-2713
51111605000,541005-0130-2713
51111605005,541005-0130-2713
51111605002,541005-0130-2713
51111605001,541005-0130-2713
51111602003,541003-0330-2713
51111602002,541003-0230-2713
51111602000,541003-0130-2713
51112001000,541002-0222-6410
51112001001,541002-0122-6410
51112101000,541001-0122-2706
51111825004,540901-0222-6410
51111717004,540724-0222-2706
51111717003,540724-0122-2706
51111717002,540723-0222-2706
51111717007,540723-0130-2706
51111717001,540723-0122-2706
51111716002,540722-0230-2714
51111716001,540722-0130-2714
51111716000,540722-0130-2714
51201598009,540721-0130-2713
51201598010,540721-0130-2713
51111799000,540720-0130-2713
51111713008,540719-0130-2714
51111758001,540718-0130-2713
51201598005,540715-0130-2714
51111717005,540714-0130-2713
51111717006,540714-0130-2713
51111746000,540713-0130-2713
51111713013,540709-0130-2701
51111713012,540709-0130-2701
51202419000,540708-0130-2713
51111713006,540706-0130-5402
51111713011,540706-0130-5402
51111750001,540705-0130-2713
51111798000,540704-0122-2706
51111752003,540703-0146-2706
51111752001,540702-0130-2713
51111752000,540702-0130-2713
51201598006,540701-0130-2714
51111896002,540504-0222-0401
51111896003,540504-0122-0401
51111825007,540503-0122-0401
51111825006,540501-0122-0401
51112021000,540420-0122-0401
51111716004,540419-0422-6410
51111716005,540419-0122-6401
51111906000,540418-0115-2713
51111752002,540417-0122-0401
51111606001,540413-0222-0401
51111606000,540413-0122-0401
51141818000,540413-0122-0401
51111742000,540412-0130-2713
51111901000,540411-0109-4801
51142131000,540410-0122-0401
51201599002,540409-0122-2706
51111101000,540408-0222-2706
51111729000,540405-0130-2713
51131715000,540404-0141-0401
51241199001,540401-0130-2713
51111899007,540305-0122-6410
51111825009,540303-0322-6410
51111825001,540303-0222-6410
51111825000,540303-0122-6410
51112012000,540301-0222-6410
51111896001,540202-0122-0401
51351609006,540103-0122-6410
51351609001,540102-0322-0401
51351609003,540102-0222-6410
51351609005,540102-0122-6410
51201615001,531302-0130-2713
51201649001,531201-0241-2713
51201610000,531101-0141-2713
51201628002,531003-0134-2713
51201628001,531003-0134-2713
51201650000,530801-0146-2713
51201621001,530402-0209-2701
51202101008,530304-0134-2707
51201806005,520301-0130-2713
51201806004,520301-0130-2713
51201806002,520301-0101-2713
51201806003,520301-0101-2713
51201806001,520301-0101-2713
51111751000,520105-0130-2713
51332003006,520105-0130-2713
51332003000,520105-0130-2713
51332003001,520105-0130-2713
51201805002,520101-0146-2713
51101818000,511001-0222-6401
51102338000,510901-0122-0401
51171622007,510802-0137-2713
51341503000,510801-0130-2713
51343704000,510702-0122-6401
51343500002,510702-0122-6401
51102399003,510702-0122-6401
51341903003,510701-0130-3501
51341903000,510701-0122-6401
51341904000,510604-0222-6410
51102397000,510601-0122-6410
51102399024,510510-0122-6410
51102399005,510508-0122-6410
51102312001,510505-0122-0401
51343800000,510504-0122-6410
51102399011,510503-0122-6410
51102399008,510501-0222-6410
51343203000,510404-0122-6401
51102399012,510402-0222-6410
51102399006,510402-0122-6410
51102370001,510401-0222-0401
51102370002,510401-0122-0401
51102342001,510307-0122-6410
51342301000,510306-0122-6401
51102339001,510304-0122-4801
51102339002,510304-0101-0601
12161809000,510304-0101-0601
51102305000,510303-0222-6410
51343502000,510302-0130-2713
51102301007,510301-0522-6401
51102301000,510301-0422-6401
51102301004,510301-0322-6401
51102301005,510301-0230-6001
51102301002,510301-0129-4001
51102301006,510301-0122-2706
51102301003,510301-0101-0901
51102399018,510219-0122-6401
51341903004,510218-0222-6401
51102398000,510217-0122-6410
51102399020,510216-0122-6401
51102399015,510215-0122-6410
51102398003,510214-0122-6410
51102398001,510213-0222-6410
51102371001,510211-0222-6410
51102371003,510211-0130-3501
51102371002,510211-0122-6401
51102372001,510210-0122-6410
51102399017,510204-0122-6401
51343110003,510202-0122-6410
51102321000,510111-0222-6401
51102321002,510111-0130-6001
51102321003,510111-0130-2713
51102321001,510111-0122-0401
51102332002,510110-0222-6410
51102332003,510109-0122-6410
51102332001,510109-0122-6410
51343110001,510107-0222-6410
51343110000,510107-0130-5401
51343110002,510107-0122-6401
51102397001,510107-0122-6401
51102399002,510106-0222-6410
51102399001,510106-0122-6401
51102337001,510102-0122-6401
51342501000,510101-0122-6410
51102005003,500601-0122-6401
51102003003,500501-0230-2713
51102003000,500501-0222-6401
51102003002,500501-0130-3501
51102003001,500501-0122-6401
51281507000,500401-0122-6401
51102008000,500302-0122-6410
51102002000,500301-0222-6401
51102002001,500301-0122-6401
51284221001,500202-0322-6401
51284221000,500202-0222-6401
51284221002,500202-0122-6401
51102101000,500201-0122-0401
51283603002,500105-0122-6401
51102005001,500104-0322-4801
51102005000,500104-0222-0401
51102005004,500104-0130-3501
51102005002,500104-0122-0401
51283301000,500102-0122-6401
51101832001,490303-0222-6410
51101832002,490303-0222-4803
51141501000,490303-0222-2706
51101832000,490303-0130-6001
51101832003,490303-0122-6410
51303404000,490302-0130-6201
51303404002,490302-0122-6406
51101810003,490301-0230-6001
51101810004,490301-0130-2713
51101810002,490301-0122-0401
51283105000,490103-0130-2713
51101835002,490102-0222-2706
51101835001,490102-0122-2706
51283101000,490101-0122-2706
51101591006,482402-0322-0401
51101591002,482402-0222-2706
51101591001,482402-0122-2706
51282701000,482401-0122-2706
51105005004,482301-0330-2713
51105005001,482301-0222-6401
51105005000,482301-0130-6001
51105005003,482301-0122-6401
51283908000,482201-0122-6401
51101826000,482101-0104-4801
51102206002,482001-0222-0401
51102206000,482001-0130-3501
51102206001,482001-0122-6401
51282801000,481903-0122-6410
51101812001,481902-0222-6401
51101603005,481901-0230-6001
51101603001,481901-0222-6410
51101603004,481901-0222-5901
51101603002,481901-0130-5401
51101603006,481901-0122-6401
51281626000,481803-0130-5401
51281626001,481803-0122-4801
51102500012,481802-0122-6401
51101584005,481801-0230-2713
51101584010,481801-0230-2713
51101584006,481801-0130-2713
51101611000,481703-0122-2706
51101611001,481703-0104-2706
51109801001,481702-0122-2706
51284603000,481701-0104-2701
51282003000,481603-0122-4803
51101557000,481601-0122-6401
51101557002,481601-0122-2701
51101557001,481601-0122-0401
51101549002,481503-0230-4804
51101549001,481503-0130-5401
51101549000,481503-0122-6410
51284247000,481502-0104-2304
51281609000,481501-0122-2706
51102500000,481401-0209-2706
51101562000,481304-0104-4801
51101575000,481303-0104-4801
51101512007,481302-0122-2701
51101512005,481302-0104-2713
51101512004,481301-0222-2706
51101512002,481301-0222-0401
51101512000,481301-0130-4801
51101512003,481301-0122-2706
51101512001,481301-0122-0401
51101504002,481201-0222-0401
51101504003,481201-0130-2713
51101504007,481201-0122-0401
51101518002,481112-0101-5406
51101546000,481111-0122-6401
51101536002,481110-0130-5401
51101536001,481110-0122-6401
51101536000,481110-0101-5406
51101538004,481108-0322-6410
51101538002,481108-0222-6410
51101538001,481108-0122-6410
51101538000,481108-0122-2713
51101540000,481106-0201-5406
51101540001,481106-0101-5406
51101518007,481101-0422-6401
51101542000,481101-0322-6401
51101518008,481101-0222-6410
51101518006,481101-0130-2713
51101518005,481101-0101-5406
51101594001,480901-0204-2706
51101594000,480901-0104-2706
51101551003,480810-0422-2713
51101535001,480810-0122-2713
51101551001,480810-0104-2706
51282127001,480809-0104-2713
51101552003,480807-0104-2706
51101552002,480806-0204-2706
51101552000,480806-0104-2706
51101593000,480804-0104-2706
51101599001,480803-0222-6401
51101599000,480803-0130-4801
51101599002,480803-0122-0401
51101577000,480801-0130-6001
51101577001,480801-0122-0401
51101535005,480703-0204-2701
51101535002,480703-0104-2706
51101550002,480702-0230-4804
51101550004,480702-0222-0401
51101550003,480702-0130-4804
51101550001,480702-0122-0401
51101573001,480604-0422-6410
51101573003,480604-0322-6410
51101573006,480604-0230-2305
51101573002,480604-0222-2706
51101573007,480604-0130-2305
51101573005,480604-0122-4801
51101573008,480604-0104-2706
51283709001,480603-0230-4804
51283709000,480603-0130-4804
51282202000,480602-0104-2701
51101507001,480503-0130-3501
51283406000,480503-0122-6401
51101507003,480502-0122-4801
51101507002,480501-0122-4801
51101555000,480401-0104-4801
51109900000,480305-0122-6401
51101570002,480303-0130-6001
51101570004,480303-0122-6401
51101570007,480303-0104-2701
51101570003,480303-0101-4001
51101522001,480302-0222-6410
51101522004,480302-0222-6409
51101522005,480302-0222-4801
51101522002,480302-0130-6001
51101522000,480302-0122-6401
51101572003,480301-0230-5406
51101572005,480301-0222-4803
51101572001,480301-0130-4804
51101572002,480301-0122-0401
51109803001,480204-0204-4803
51101561000,480204-0204-2706
51109804001,480204-0104-4803
51101567003,480202-0204-2701
51101567005,480202-0104-2713
51109807003,480201-0630-4804
51109806002,480201-0530-4804
51109805002,480201-0522-6401
51109805001,480201-0422-6401
51109807004,480201-0330-4804
51109807000,480201-0322-2706
51109806000,480201-0230-4804
51109805000,480201-0222-6401
51109806001,480201-0130-4804
51109807001,480201-0122-2706
51101567001,480102-0122-2706
51101567000,480102-0104-2706
51101511005,480101-0530-5406
51101511002,480101-0230-4804
51101511001,480101-0222-0401
51101511003,480101-0130-4804
51101511004,480101-0122-0401
51182435000,470301-0141-2713
50501511001,470203-0241-0401
50501511002,470203-0146-2713
50501511000,470203-0141-0401
51182499002,470201-0222-6410
51182499001,470201-0122-6410
51181613000,470101-0215-2713
51181508000,460101-0122-2706
51181606000,450301-0122-6401
51181602000,450202-0141-6401
51181601004,450201-0441-6401
51181601001,450201-0341-6401
51181601007,450201-0246-4801
51181601003,450201-0241-6401
51181601000,450201-0146-2713
51181601002,450201-0141-6401
51181605000,450102-0122-6401
51181600000,450101-0122-6401
51181738000,440201-0141-6401
51181709001,440108-0130-2713
51422101001,440107-0322-6401
51422101004,440107-0222-6401
51422101000,440107-0122-6401
51181708008,440106-0322-6401
51181708000,440106-0230-6201
51181708010,440106-0222-6401
51181708004,440106-0122-6401
51181729003,440105-0522-6401
51181729002,440105-0422-2706
51181729001,440105-0322-2706
51181728001,440105-0230-2715
51181729004,440105-0222-2713
51181729005,440105-0122-2713
51181728000,440105-0122-2713
51181706006,440104-0522-6401
51181706005,440104-0422-6401
51181706007,440104-0322-6401
51181706008,440104-0130-2713
51181706001,440104-0122-2706
51181704012,440103-0330-2713
51181704006,440103-0222-6401
51102500005,440103-0146-3501
51181704004,440103-0141-6401
51181704003,440103-0130-2713
51181704007,440103-0122-6401
51181755005,440101-0230-2713
51181755004,440101-0101-2713
51181604000,430901-0130-2706
51422001000,430801-0130-2713
51182304006,430701-0130-2713
51182302002,430603-0230-2713
51182302003,430603-0130-2713
51111859000,430601-0130-2713
51182304002,430502-0246-2713
51182304004,430502-0222-2713
51182304003,430502-0146-2713
51182304000,430502-0122-2713
51111855000,430501-0322-2713
51111850000,430401-0146-4801
51111840000,430301-0122-2706
51182203003,430202-0115-2713
51182203001,430202-0115-2713
51182299001,430201-0146-2713
51182106001,430103-0122-2713
51182101001,430102-0441-4801
51182101005,430102-0341-6416
51182101006,430102-0241-6416
51182101000,430102-0146-2713
51182101004,430102-0141-5601
51182102000,430101-0130-2713
51182014000,420501-0122-0401
51151669000,420407-0222-6404
51151669001,420407-0122-6410
51151920001,420406-0222-0407
51151920000,420406-0122-6410
51151661001,420405-0222-6410
51172106001,420404-0130-6201
51172106000,420404-0122-6401
51151661000,420403-0122-6409
51151613004,420304-0122-6401
51172201000,420303-0122-0401
51413506003,420203-0222-6401
51413506002,420203-0122-6401
51212401000,420202-0422-6401
51212401001,420202-0222-6410
51212401002,420202-0130-4801
51212401003,420202-0122-6401
51263006001,420104-0222-6401
51263006000,420104-0122-6401
51182014001,420103-0122-6401
51151817001,420102-0122-6409
51151918000,420101-0122-6409
51182047000,411701-0122-6401
51182002000,411601-0130-2713
51182002001,411601-0130-2713
51111865000,411501-0122-6410
51182031000,411301-0122-6401
51181818005,411202-0322-6401
51181818001,411202-0322-0401
51181818000,411202-0222-2801
51181818003,411202-0130-2713
51181818002,411202-0101-0601
51351517000,411201-0130-2701
51181813003,411101-0128-6301
51181807005,410913-0141-6401
51181807003,410910-0141-6401
51352400000,410909-0141-6401
51181807004,410908-0122-6410
51181807006,410907-0122-6410
51181811000,410906-0141-6410
51181813006,410902-0222-6410
51181899003,410802-0122-6404
51351605001,410801-0122-6404
51181999000,410702-0122-6410
51182099001,410701-0122-6401
51181828001,410607-0141-6401
51181828000,410607-0122-6401
51181806002,410606-0222-6401
51181806001,410606-0130-3501
51181806000,410606-0122-6401
51181827001,410605-0130-2715
51181827000,410605-0122-6401
51181811001,410601-0141-6401
51181899002,410401-0122-6401
51181813001,410302-0243-4301
51181813000,410302-0143-4301
51181813009,410302-0122-6401
51181803001,410301-0241-6401
51181803000,410301-0222-2701
51181803003,410301-0144-0901
51181803006,410301-0141-6401
51181803004,410301-0122-6401
51181911000,410201-0122-6401
51181906000,410109-0109-2706
51181912008,410108-0509-2706
51181912003,410108-0109-2706
51111850001,410107-0109-2706
51181901001,410106-0109-2710
51181912006,410105-0109-2701
51181912005,410102-0215-2706
51181912002,410102-0115-2706
51384514001,400601-0322-6410
51384514002,400601-0222-6401
51142499000,400502-0146-2713
51171908000,400303-0141-6401
51182201002,400302-0422-2801
51182201003,400302-0122-2801
51182299002,400301-0130-2713
51141535000,400202-0122-6401
51142501000,400201-0122-6401
51121599000,400201-0122-6401
51182299005,400101-0130-2713
51182299003,400101-0130-2713
42231803000,390401-0109-6003
51101812003,390303-0222-5901
51201504004,380304-0201-4001
51201504005,380304-0101-4001
51201514000,380303-0101-0901
51182428006,380302-0130-2713
51241209001,380107-0129-0901
51121711001,380106-0201-5401
51121711002,380106-0122-6401
51121711000,380106-0101-5401
51101717000,380105-0122-6401
51241209006,380104-0301-0901
51241209000,380104-0201-0901
51181719000,380103-0129-0901
51182001001,380102-0222-6410
51182001000,380102-0122-6410
51151702002,380101-0201-5406
51151702001,380101-0101-5406
51101504006,370401-0201-0901
51101504004,370401-0101-5401
51101525003,370301-0301-5401
51101525002,370301-0201-0601
51101525001,370301-0101-0601
51241202000,370202-0101-0901
51171511003,370201-0101-5401
51241220000,370105-0201-0901
51241220002,370105-0122-0401
51241220001,370105-0101-0901
51241232002,370104-0222-0401
51241232003,370104-0122-0401
51241209003,370103-0101-0901
51241404000,370102-0101-0601
51241233002,370101-0101-0901
51241233000,370101-0101-0601
51102713002,350301-0130-5401
51102713016,350301-0101-4001
51382503002,350201-0122-5901
51102709004,350102-0101-5401
51102500002,340901-0117-4001
51181742003,340601-0101-5201
51181742001,340601-0101-4001
51181742002,340601-0101-3601
51181742000,340601-0101-0901
51181798001,340503-0101-0901
51181798000,340502-0101-0901
51181749005,340405-0101-0901
51181799001,340402-0101-0901
51181749001,340306-0201-5603
51181749004,340306-0101-4001
51181749006,340306-0101-3601
51181749003,340306-0101-0901
51181722007,340303-0201-0901
51181722008,340303-0101-4001
51181755001,340301-0201-4001
51181755007,340301-0201-0901
51181755003,340301-0101-5401
51181755002,340301-0101-4001
51181755000,340301-0101-0901
51181799003,340202-0301-4001
51181799000,340202-0101-3601
51181725000,340103-0201-0901
51181706004,340103-0101-4001
51181706002,340103-0101-0901
51101508001,330501-0101-0901
51101508002,330501-0101-0901
51101603003,330401-0101-0601
51201510000,330301-0101-0901
51101509002,330203-0101-4001
51101509001,330202-0122-6401
51284004001,330201-0122-6401
51101597000,330107-0101-4001
51101597001,330107-0101-4001
51101584013,330106-0101-0901
51212550002,330105-0101-4001
51212550003,330105-0101-0901
51101503005,330104-0122-5406
51101503003,330103-0301-5406
51101503002,330103-0201-4001
51101503004,330103-0130-6201
51101503000,330103-0104-4801
51101503001,330103-0101-5406
51101586000,330101-0230-2713
51101586001,330101-0130-2713
51241299002,320501-0122-0401
51241207000,320301-9999-5201
51181701000,320202-0141-4001
51181701003,320202-0141-0601
51241223002,320201-0144-4001
51191913001,320101-0222-0401
51191913000,320101-0122-0401
51142907000,310301-0101-5406
51161610001,310202-0330-2713
51171904002,310202-0330-2713
51161610000,310202-0222-6401
51161610002,310202-0122-6410
51161699002,310201-0130-6003
51241297001,310101-0101-3601
51241297000,310101-0101-0901
51241228001,290502-0101-0901
51241226004,290501-0401-0901
13101904005,290501-0401-0901
51241226006,290501-0301-0901
51241226002,290501-0201-4001
13101904002,290501-0201-4001
13101904006,290501-0201-4001
51241226001,290501-0201-0901
13101904001,290501-0201-0901
51241226000,290501-0101-4001
13101904000,290501-0101-4001
13101904004,290501-0101-0901
51241298000,290402-0101-4001
51241299012,290305-9999-4001
51241900004,290305-0105-4001
51241299020,290304-0104-4001
51241299000,290302-0122-4001
51241201001,290201-0101-5401
51241205000,290101-9999-3601
51101809000,280301-0122-6401
51101812005,280209-0101-4801
51101812004,280209-0101-0901
51101805002,280209-0101-0901
51101812000,280209-0101-0601
51101811000,280207-0101-5201
51101811001,280207-0101-0901
51101807006,280204-0330-5401
51101807005,280204-0322-0401
51101807000,280204-0230-4801
51101807001,280204-0222-0401
51101807002,280204-0130-2713
50501701010,280204-0122-4801
51101807003,280204-0122-0401
51101818002,280108-0101-5601
51101818001,280108-0101-0901
51241218002,280107-0146-2713
51241218000,280107-0130-5201
51142116000,280105-0101-0601
51241201003,280104-0229-4001
51241201005,280104-0130-3601
51241201002,280104-0129-4001
51281506000,280104-0122-6401
51142002006,280104-0104-4801
51241201009,280104-0101-4301
51241201000,280104-0101-4001
51142116006,280104-0101-0901
51101808000,280103-0130-5401
51302602000,280101-0101-5401
51191905093,270701-0122-6401
51121805000,270602-0122-6410
51121809000,270601-0222-6410
51121809001,270601-0122-0401
51322301000,270501-0105-4801
51191902009,270501-0104-4801
51121803002,270305-0322-6410
51121803001,270305-0222-6410
51121803000,270305-0122-6410
51121823001,270304-0322-6410
51121823000,270304-0222-6410
51321703000,270302-0122-6406
51121810003,270301-0422-6410
51121810002,270301-0322-6410
51121810001,270301-0222-6410
51121810000,270301-0122-6410
51121819002,270106-0322-0401
51121819004,270106-0122-0401
51121819000,270104-0122-6401
51321599000,270103-0130-2713
51191999001,270102-0122-0401
51111713002,270101-0122-2713
51121733005,260703-0322-6410
51121733004,260703-0222-6410
51121733006,260703-0122-6410
51434901002,260602-0422-6401
51121760003,260502-0222-6410
51121760004,260502-0122-6410
51121730001,260406-0322-6401
51121730000,260406-0122-6401
51121760002,260405-0222-6401
51121760001,260405-0122-6410
51121704002,260404-0322-6401
51121704000,260404-0222-6401
51121704001,260404-0122-6401
51121715003,260402-0322-6401
51121715002,260402-0222-6401
51121715000,260402-0130-2713
51121715004,260402-0122-6401
51121703000,260401-0522-5401
51121703003,260401-0322-6401
51121703002,260401-0222-6401
51121703001,260401-0122-6401
51434901001,260305-0422-6410
51434901000,260305-0322-6410
51121733003,260208-0422-6410
51121733002,260208-0122-6410
51434931002,260205-0322-6410
51434931001,260205-0222-6410
51434931000,260205-0122-6410
51121753004,260204-0222-6410
51121753003,260204-0122-6410
51121733001,260108-0222-6401
51121733000,260108-0122-6410
51121763001,260107-0222-6401
51121763000,260107-0122-6401
51121759000,260106-0122-6401
51121710001,260105-0222-6410
51121710000,260105-0122-6410
51121753002,260104-0222-6401
51121753001,260104-0122-6401
51121735001,260102-0322-6401
51121735000,260102-0222-6401
51121707002,250401-0422-6411
51121707004,250401-0322-6411
51121707003,250401-0222-6401
51121707000,250401-0130-2713
51121707001,250401-0122-6401
51121713008,250201-0722-2713
51121713001,250201-0522-6401
51121713000,250201-0422-6401
51121713007,250201-0222-6409
51121713003,250201-0222-0407
51413504001,250105-0122-6401
51121904004,250104-0422-6409
51121904001,250104-0322-6401
51121904002,250104-0122-6409
51121743005,250101-0322-0401
51121743001,250101-0222-0401
51121743000,250101-0122-6401
51121576001,240603-0222-6401
51121576000,240603-0122-6401
51151812002,240602-0222-6401
51151812000,240602-0130-2713
51151812001,240602-0122-6401
51121566000,240601-0222-6401
51121566002,240601-0122-6401
51151823002,240502-0222-6401
51151823001,240502-0130-2713
51151823000,240502-0122-6401
51121709002,240501-0422-6410
51121709003,240501-0322-6401
51121709000,240501-0222-6401
51121709001,240501-0122-6401
51121765003,240104-0422-6401
51263168002,240104-0322-6410
51121765001,240104-0322-6410
51121765000,240104-0222-6410
51263168001,240104-0222-6401
51121721000,240104-0130-2701
51263168000,240104-0122-6401
51151802002,240103-0130-2713
51151802000,240103-0130-2713
51121725000,240102-0322-6401
51121725002,240102-0222-6410
51121725001,240102-0122-6401
51151801000,240101-0322-6410
51151801001,240101-0222-6410
51151801002,240101-0122-6410
51473307000,230802-0101-2701
51321604003,230801-0201-2713
51321604002,230801-0101-2713
51241303001,230704-0129-0901
51241303009,230704-0104-0901
51161780002,230703-0101-4001
51161780003,230702-9999-5901
51161780005,230601-9999-5901
51161780004,230601-9999-0901
51161780006,230402-0122-6410
51131602001,230302-9999-0601
51142943000,230103-0201-5406
51142943001,230103-0101-5406
51151810000,220401-0130-2713
51261601000,220301-0122-0401
51132001000,220201-0122-6409
51191507001,210503-0222-6401
51191507000,210503-0130-3501
51191507002,210503-0122-6401
51432606000,210501-0222-6410
51191515002,210402-0222-6401
51191515001,210402-0122-6401
51191501000,210401-0130-3501
51191501001,210401-0122-4801
51191503000,210304-0322-6401
51191503002,210304-0222-6401
51191503001,210304-0122-6401
51121726001,210303-0122-6409
51191510003,210302-0230-6201
51191510000,210302-0130-2713
51191510006,210302-0130-2713
51191510002,210302-0130-2713
51191510001,210302-0122-6401
51191504000,210301-0146-2713
51191504001,210301-0122-6401
51191506000,210101-0122-6401
51121758000,200801-0130-2713
51121708000,200601-0122-6401
51121752002,200501-0322-6401
51121752003,200501-0222-6401
51121752000,200501-0130-2713
51121752001,200501-0122-6401
51121728001,200402-0222-6401
51121728000,200402-0122-6401
51263602000,200401-0322-6401
51263602001,200401-0122-6401
51121701000,200301-0130-3501
51121701002,200301-0122-6401
51432303000,200202-0122-6410
51121718000,200201-0241-6401
51121718002,200201-0141-6401
51161626008,200104-0522-6410
51161626007,200104-0422-6410
51161626006,200104-0322-6410
51161626005,200104-0222-6410
51161626004,200104-0141-6410
51161626003,200103-0122-6410
51161626009,200102-0322-6416
51161626002,200102-0222-6410
51161626001,200102-0122-6410
51121517001,191001-0122-0401
51121603004,190905-0147-5401
51191555000,190903-0222-6401
51191555002,190903-0122-6401
51121602002,190902-0422-6401
51121602000,190902-0322-6401
51121602003,190902-0222-0402
51121602001,190902-0122-0402
51121603000,190901-0228-4301
51121603002,190901-0130-2713
51121603001,190901-0128-4301
51121603003,190901-0104-4001
51121504000,190801-0122-6401
51151710002,190709-0130-2713
51151727001,190708-0130-2713
51391729001,190707-0222-6401
51391729000,190707-0122-6401
51151703004,190706-0230-2713
51151703005,190706-0130-2713
51151703003,190706-0130-2713
51151703001,190706-0130-2713
51391717000,190705-0230-2713
51151737001,190704-0231-5401
51151737002,190704-0131-5401
51151737000,190703-0130-2714
51151732001,190702-0130-5401
51151732000,190701-0130-2713
51121523000,190603-0122-6401
51121519002,190602-0130-2713
51121513000,190601-0122-0401
51121502000,190501-0322-6401
51121502005,190501-0230-1501
51121502002,190501-0222-6401
51121502003,190501-0146-2713
51121502001,190501-0130-2713
51211603000,190501-0122-4801
51121902000,190402-0130-2713
51121516000,190303-0146-2713
51121511000,190301-0130-2713
51121511001,190301-0122-6401
51122112003,190201-0241-5901
51122112002,190201-0141-2701
51122112001,190201-0130-2713
50501500002,190107-0122-0401
51121698000,190106-0122-6410
51414101000,190105-0141-2701
51121699004,190104-0222-6410
51121699003,190104-0122-6410
51142107003,190103-0322-5901
51142107001,190103-0222-4801
51142107000,190103-0222-4801
51142107002,190103-0122-0401
51121501000,190101-0130-2713
51142148000,180401-0115-4801
51131515000,180301-0130-2713
51210000001,180101-0109-4801
51131906001,171001-0101-5401
51191705000,170804-0130-3501
51171504008,170801-0401-2713
51171504007,170801-0322-6401
51171504006,170801-0301-2713
51171504005,170801-0222-6401
51171504002,170801-0201-2713
51171504011,170801-0201-2713
51171504003,170801-0201-2713
51171504001,170801-0201-2713
51171504010,170801-0122-6401
51191902002,170701-0101-5401
51191602100,170605-0101-2713
51191704020,170602-0101-2713
51191604002,170601-9999-2713
51191604001,170601-9999-2713
51191602018,170419-0107-5401
51191999006,170415-0130-2714
51191601002,170413-1601-2713
51191601025,170413-1601-2713
51191601013,170413-1601-2713
51191601017,170413-1401-2713
51191601019,170413-1301-2713
51191601010,170413-1301-2713
51191601012,170413-1201-2713
51191601014,170413-0801-2713
51191601026,170413-0701-2713
51191601001,170413-0701-2713
51191601021,170413-0501-2713
51191601003,170413-0501-2713
51131906000,170412-0130-2713
51171628002,170409-0237-2713
51171628000,170409-0137-2701
51191802041,170407-0136-2713
51191804000,170404-0137-2713
51191998001,170402-9999-5401
51191999007,170307-0101-2713
51191999008,170307-0101-2713
51191904000,170305-0301-2713
51191904001,170305-0201-2713
51191904005,170305-0101-2704
51191999003,170304-0106-2704
51191601024,170303-0701-2713
51191601015,170303-0601-5401
51191601006,170303-0601-5401
51191601007,170303-0401-2713
51191601016,170303-0201-2713
51191601008,170303-0201-2713
50161512103,170303-0107-5401
51191601020,170303-0101-2713
51191601000,170303-0101-2713
51191602090,170303-0101-2713
51191601004,170303-0101-2713
51191601009,170303-0101-2713
51191601005,170303-0101-2713
51191902012,170301-0301-2713
51191902004,170301-0201-5401
51191902013,170301-0201-2713
51191902007,170301-0101-5401
51131907001,170209-0101-2713
51131909003,170201-0201-5401
51131909002,170201-0101-2713
51131909001,170201-0101-2713
51386502001,170104-0122-4801
50501701004,170102-0107-2714
51131503004,160701-0122-6401
51191918000,160602-0122-0401
50501500004,160602-0104-6401
51191905051,160601-9999-6201
51191905009,160601-0222-6401
51191905029,160601-0130-2713
51191905000,160601-0122-6401
51131503002,160502-0130-5406
51131503003,160405-0230-6201
51131503005,160405-0130-2713
51131503008,160403-0122-6401
51131503001,160402-0222-6401
51131503013,160301-0130-2713
51171631011,160205-0104-4801
51131506004,160203-0709-2713
51131506006,160203-0441-2713
51131506002,160203-0209-2713
51131598000,160203-0146-2713
51131506005,160202-0309-2713
51131506007,160202-0115-2713
51131506003,160202-0115-2713
51131507012,160201-0846-2713
51131507010,160201-0846-2713
51131507009,160201-0746-2713
51131507003,160201-0646-2713
51131507002,160201-0646-2713
51131507005,160201-0546-2713
51131507004,160201-0546-2713
51131507006,160201-0346-2713
51131507007,160201-0246-2713
51131507008,160201-0146-2713
50501509006,160103-0141-6401
51211600000,160102-0104-4801
51191905008,160101-0130-2713
51101953004,150601-0222-0401
51101953003,150601-0130-2713
51101953002,150601-0130-2713
51101953001,150601-0122-2713
51131801001,150503-0104-4801
51131899000,150501-0153-4803
51131812000,150404-0141-2706
51131812002,150404-0141-2706
51201598012,150402-0230-2713
51201598013,150402-0230-2713
51201598014,150402-0230-2713
51201598011,150402-0130-2713
51131817000,150401-0222-6410
51131817001,150401-0122-6410
51131802024,150307-0309-2706
51131802018,150307-0209-4801
51131802019,150307-0109-4801
51131802005,150305-0309-2710
51131802021,150305-0309-2706
51131802003,150305-0309-2706
51131802016,150305-0209-2706
51131899003,150305-0209-2706
51131802022,150305-0209-2706
51131802009,150305-0209-2706
51131802004,150305-0109-2710
51131802001,150305-0109-2706
51131802020,150305-0109-2706
51131802008,150304-0322-2706
51131802007,150304-0222-2706
51131802006,150304-0122-2706
51131802010,150302-0309-2706
51131802014,150302-0209-2706
51131802002,150302-0109-2706
51131802012,150302-0109-2706
51131802013,150301-0115-2706
51131899001,150202-0130-2713
51131899002,150202-0122-6401
51131604005,140701-0622-6401
51131604004,140701-0422-6401
51131604006,140701-0322-6401
51131604002,140701-0222-6401
51131604001,140701-0122-6401
51131615001,140602-0230-2713
51131615003,140602-0230-2713
51131615000,140602-0130-2713
51201572001,140601-0130-5402
51131616005,140505-0215-5401
51131603005,140503-0515-2714
51131603002,140503-0515-2713
51131603001,140503-0415-2713
51131603004,140503-0315-2713
51131603006,140503-0215-2713
51131603007,140503-0115-2713
51131607003,140502-0230-2713
51131607006,140502-0230-2713
51131607004,140502-0130-2713
51131607000,140502-0130-2713
51131607005,140502-0130-2713
51131607001,140502-0130-2713
51131607002,140502-0130-2713
51121699001,140403-0322-0401
51121699002,140403-0222-0401
51121699000,140403-0122-0401
51131625000,140402-0122-4801
51131706000,140401-0230-2713
51131899000,140401-0230-2713
51131898001,140303-0422-6410
51131898000,140303-0322-6410
51131650000,140303-0222-6410
51131621001,140301-0222-6410
51131621000,140301-0122-6410
51131704000,140206-0109-4801
51131711000,140205-0109-2706
51131703002,140204-0109-4801
51131716000,140203-0122-4801
51131699000,140202-0109-2706
51131702000,140201-0122-2706
51121775002,140113-0130-2714
51131799001,140112-0222-6410
51161626015,140111-0541-6401
51161626010,140111-0441-6401
51161626011,140111-0341-6401
51161626012,140111-0241-6401
51161626013,140111-0141-6401
51131799003,140110-0222-6410
51121101001,140109-0246-5401
51121101000,140109-0146-2701
51131710000,140108-0130-2713
51131725000,140107-0141-2701
51131725001,140107-0122-2701
51131705003,140105-0222-6401
51131705001,140105-0130-2713
51131705000,140105-0122-6401
51131709001,140104-0122-6410
51131701000,140101-0130-2713
51172307000,130311-0222-0401
50501500005,130310-0122-0401
51101836002,130307-0101-2713
51101836005,130306-0130-3501
51131599000,130305-0122-6401
51131599001,130305-0122-4801
51452304002,130304-0322-0401
51452304001,130304-0222-0401
51452304003,130304-0130-6001
51452304000,130304-0122-0401
51171975000,130303-0122-0401
50161901000,130302-0107-5401
50161901001,130207-0122-4801
51172319000,130206-0222-0401
51172319001,130206-0122-0401
51191999005,130205-0230-3501
51191999004,130205-0130-2713
51323001000,130205-0122-6401
51212601001,130202-0130-6201
51212601000,130202-0122-6416
51171527000,130201-0105-4801
51171990000,130112-0130-2714
51201899005,130111-0230-2713
51201899006,130111-0130-2713
51201896000,130110-0130-2713
51171974000,130109-0109-2706
51201898000,130108-0130-5402
51201810000,130107-0130-2713
51201899003,130106-0130-2713
51192019000,130104-0130-2713
51192019002,130104-0130-2713
51171973000,130103-0122-4801
51171973003,130102-0230-2701
51171973001,130102-0130-2706
51171973002,130101-0230-5402
51241303004,120703-0230-2713
51241303005,120703-0222-6401
51241303003,120703-0130-2713
51241303007,120703-0122-6401
51241303016,120702-0130-2713
51241303000,120701-0122-6401
51191602034,120601-1401-2713
51191602051,120601-1301-5401
51172506000,120601-1201-5401
51191602030,120601-0801-2713
51191602037,120601-0801-2713
51191602008,120601-0601-4001
51191602029,120601-0501-2713
51191602070,120601-0501-2713
51191602024,120601-0401-2713
51191602010,120601-0130-5601
51191602020,120601-0104-0601
51191602093,120601-0101-5401
51191602025,120601-0101-5401
51191602048,120601-0101-5401
51191602026,120601-0101-5401
51191602091,120601-0101-2713
51191602047,120601-0101-2713
51191602035,120601-0101-2713
51191602006,120601-0101-2713
51191602023,120601-0101-2713
51191602001,120601-0101-2713
51191602027,120601-0101-2713
51191602005,120601-0101-2713
51191602015,120601-0101-2713
51191602002,120601-0101-2713
51191602003,120601-0101-2713
51191705002,120504-0204-2301
51191705003,120502-0219-6401
51191705004,120502-0119-6401
51191802002,120501-0221-6201
51191802001,120501-0201-2713
51191802000,120501-0122-6401
51191802011,120501-0121-2713
51191606000,120301-0146-2713
50501601002,120212-0104-6401
51171522003,120211-0122-6401
51182403000,120209-0130-2713
51171522002,120206-0130-6201
51182401000,120204-0201-2713
51182401001,120204-0201-2713
51171501009,120201-0122-6401
51191905057,111306-0122-2713
51191905021,111201-0222-6410
51191905023,111201-0199-2713
51191909002,111101-0222-6401
51191905010,111101-0130-2713
51191909001,111101-0122-6401
51241220005,111001-9999-4001
51241220006,110901-0111-0601
51191905011,110901-0109-0401
51191905062,110808-9999-5401
51191905058,110808-9999-2713
51191603007,110808-9999-2701
51191905061,110806-9999-5401
51191905001,110805-9999-6401
51191905079,110804-0115-6003
51191905072,110802-9999-2713
51191905007,110702-0222-6410
51191905003,110504-9999-3501
51191905059,110406-0222-0401
50501512001,110406-0109-0401
51191905012,110405-0122-6401
51191905028,110404-0222-6401
51191905030,110404-0130-2701
51191905064,110404-0122-6401
51151508000,110402-0201-0901
51191905013,110401-0122-6401
51191905087,110401-0104-4801
51191905094,110201-0204-4801
51191905024,110201-0122-6401
51191905049,110201-0104-6408
51171501004,110108-0141-6401
50501511004,110107-0109-0401
51171501003,110106-0224-6401
51171501001,110106-0124-6401
51191905002,110103-0715-5406
51191905050,110103-0709-6401
51191905015,110103-0609-0401
51191905014,110103-0509-0401
51191905016,110103-0409-0401
51172301000,110103-0409-0401
51191905055,110103-0315-2713
51191905077,110103-0209-6401
51191905074,110103-0209-6401
51191905017,110103-0109-6401
51241235001,110102-0241-0401
51241235000,110102-0141-0401
51191905004,110101-0241-0401
51191905025,110101-0146-3501
51191905070,110101-0146-2713
51191905067,110101-0146-2713
51191905005,110101-0141-0401
51181520001,101301-0222-6401
51181520000,101301-0122-6401
51181521001,101102-0322-6401
51181521000,101102-0222-6401
51181521002,101102-0122-6401
51181517002,101001-0422-6409
51181517004,101001-0322-6410
51181517003,101001-0222-6410
51181517001,101001-0122-6410
51181506037,100904-0215-2713
51181506009,100904-0115-2713
51181506027,100904-0115-2713
51181506008,100903-0115-2713
51181506024,100805-0215-2715
51181506026,100805-0115-2715
51181506012,100804-0115-2715
51181506004,100804-0115-2715
51181506025,100801-0115-2713
51181506003,100705-0115-2715
51181506017,100705-0115-2715
51181506030,100704-0115-2713
51181506031,100704-0115-2713
51181506005,100703-0115-2713
51181506018,100703-0115-2713
51181506029,100702-0115-2713
51181506028,100701-0115-2713
51181506010,100701-0115-2713
51181505000,100604-0122-6401
51181504002,100603-0322-6401
51181504001,100603-0222-6401
51181504000,100603-0122-6401
51181509001,100602-0322-6401
51181509002,100602-0222-6401
51181509000,100602-0122-6401
51181516001,100601-0122-6401
51181599008,100502-0130-2713
51181599007,100502-0130-2713
51181508002,100501-0322-2713
51181508001,100501-0222-2713
51181599006,100414-0222-6410
51181599005,100414-0122-6410
51181599004,100413-0122-6401
51182704001,100409-0322-6401
51182704000,100409-0222-6401
51181598001,100303-0222-6410
51181598000,100303-0122-6410
51413899000,100302-0222-6410
51413899001,100302-0122-6410
51181599000,100205-0122-6401
51181599002,100204-0322-6410
51181599003,100204-0222-6410
51181599009,100204-0222-6410
51181556000,100202-0122-6410
51181501001,100101-0222-6401
51181501000,100101-0122-6401
51191905006,090102-0199-0401
51191905075,090102-0109-0401
51142650000,080101-0122-0401
51201558001,070902-0130-6001
51201558000,070902-0122-6401
51142003011,070901-0404-2301
51142003012,070901-0322-6404
51142003006,070901-0304-4801
51142003003,070901-0222-6409
51142003010,070901-0222-5901
51142003004,070901-0122-6410
51142003009,070901-0107-1701
51142003014,070901-0104-6409
51142003007,070901-0104-5901
51142003000,070901-0104-2301
51142003008,070901-0104-1701
51171702000,070801-0122-0401
51191699000,070603-0204-4803
51191704002,070602-9999-5401
51211618000,070501-9999-6401
51211618001,070501-9999-4801
51441712000,070401-0122-2701
51181708011,070302-0146-1701
51161703002,070301-0330-6001
51161703007,070301-0322-6409
51161703006,070301-0241-5603
51161703005,070301-0222-0401
51161703003,070301-0146-5401
51161703001,070301-0141-2601
51161703004,070301-0122-5401
51283604001,070106-0222-6401
51283604000,070106-0122-6410
51101625001,070105-0122-0401
51101815001,070104-0115-6001
51101815003,070104-0109-4001
51101815002,070104-0109-2801
51101815000,070104-0109-0901
51171600000,060601-0104-2301
51171599001,060411-0104-4803
51171622001,060409-0130-1701
51171622003,060407-0121-2713
51191509002,060406-0201-5401
51191509000,060406-0201-5401
51171606001,060405-0201-2713
51171599004,060405-0101-2713
51171606000,060405-0101-2713
51171620000,060404-0130-3501
51171620002,060404-0104-2303
51171631000,060402-0101-5406
51171605000,060401-0107-6201
51171619001,060301-0104-5901
51171602002,060201-0230-6201
51111907002,060201-0230-6201
51171602000,060201-0122-6401
51171604000,060201-0101-5406
51171610000,060104-9999-6401
51241303011,060103-0101-0901
51171617000,060102-9999-5401
51171614001,060101-0222-5901
51171614000,060101-0122-6404
51171614002,060101-0122-5901
51172003004,050104-0322-6401
51172003000,050104-0222-0401
51172003001,050104-0130-3501
51172003005,050104-0122-6401
51171900000,050103-0122-6410
51172001000,050101-0122-6401
51171804000,040203-0230-5401
51171804004,040203-0222-6410
51171804002,040203-0130-2713
51171804003,040203-0130-2713
51171804001,040203-0122-6410
51171802002,040201-0222-4301
51171802000,040201-0130-2713
51171802001,040201-0122-6401
51171838000,040101-0322-2701
51294001001,040101-0222-0401
51294001002,040101-0122-0401
51171500001,030702-0422-6402
51171500002,030702-0230-5406
51122104002,030601-0222-2701
51122104000,030601-0130-2713
51122104001,030601-0122-2701
51172101001,030501-0222-0407
51172101000,030501-0122-6401
51172107002,030402-0230-2713
51172107004,030402-0130-3501
51172107001,030402-0122-6401
51151611000,030301-0146-2713
51151611004,030301-0130-5401
51151611002,030301-0122-6401
51171806003,030202-0230-6201
51171806001,030202-0130-2713
51171806004,030202-0122-6401
51171806002,030202-0122-5901
51178990001,030201-0122-6401
51178990000,030201-0101-6001
51151616002,030101-0246-2713
51151616003,030101-0230-2713
51151616001,030101-0201-5406
51151616004,030101-0201-4001
51151616006,030101-0130-2713
51151616005,030101-0101-5406
51212239900,020902-0104-2303
51171911000,020804-0104-6401
51171511009,020801-9999-6001
51171509000,020702-0122-0401
51171904001,020503-0122-6401
51171904004,020503-0122-6401
51171902000,020501-0230-2713
51171902001,020501-0130-3501
51171915000,020407-0222-6401
51171915002,020407-0222-2706
51171915001,020407-0122-6404
51171913002,020404-0322-2706
51171913004,020404-0222-6404
51171913007,020404-0122-6401
51171913008,020402-0322-4801
51171913003,020402-0222-6401
51171913006,020402-0222-2701
51171913001,020402-0122-6401
51171599000,020303-0122-0401
51171599004,020303-0122-0401
50501601000,020201-0130-6001
51171501000,020201-0122-6401
51171501005,020201-0122-6401
51171511002,020102-0422-6402
51171511001,020102-0130-3501
51171511000,020102-0130-3501
51472701001,010301-0101-4101
51284012000,010204-0222-0401
51284012001,010204-0122-6401
51101805003,010203-0222-2801
51101805006,010203-0122-6401
51101805001,010203-0101-5406
51101805008,010203-0101-5401
51101805000,010203-0101-0901
51102707001,010202-0130-3801
51101801001,010201-0222-4801
51101801000,010201-0222-2706
51101801002,010201-0122-2713
51142002001,010101-0122-6404
5137331000200,651002-0222-6401
5137331000100,651002-0322-6401
5114411500000,690305-0122-6409
5137333600000,700502-0122-6416
5137333600100,700502-0222-6416
5137333600200,700502-0322-6416
5137333600300,700502-0422-6416
5114192000000,680106-0530-1701
5114261800500,690302-0422-6409
5114150501000,660601-0622-6401
5114413000000,080201-0122-6401
5115160300000,670601-0122-6401
5127170200000,640404-0130-5401
51141799010,681303-0322-6401
51341903001,510218-0122-6401
51121904003,250104-0222-6401
51282130000,481302-0230-5401
51109807002,480201-0622-6409
51372107002,650402-0722-6409
51142003001,070901-0222-2301
51102342002,510307-0130-5401
51101914006,710103-0322-6401
51201516004,570103-0222-2713
51131506001,160203-0109-2713
51201504014,570502-0222-2301
51141513005,660201-0222-6402
51101812006,280209-0101-5401
51372107016,650402-0322-2713
51111711005,542402-0322-2703
51191602071,120601-0130-5401
51142411002,650502-0122-6901
51142206011,650403-0130-6201
51141563007,660105-0230-6201
51191602004,120601-0130-5401
50501511005,470203-0246-2713
51351609002,541709-0122-6401
51101509000,481602-0322-2713
51191905073,110201-0122-6401
51111899003,540305-0222-6410
51161620002,210402-0122-6401
51111605003,340303-0201-0901
51171622006,060407-0122-6408
51191602016,120601-0130-5401
51201618000,531601-0102-6001
51322903001,270303-0222-6401
51411605001,190901-0322-6416
51372003003,650201-0822-6416
51181722015,760607-0141-4801
50501701001,130203-0199-4801
51432303001,200202-0222-6401
51372305010,640102-0341-6416
51181701005,802401-0101-5406
51241299011,320501-0101-3601
51102713003,350301-0201-5401
51181601006,450201-0346-6001
51101503006,330103-0104-2713
51121718001,200201-0141-2713
51142003013,070901-0104-1701
51191902000,170103-0101-3501
51161511003,800302-0101-5601
51181832000,411101-0128-4901
51142018001,830501-0101-5401
51142411001,650502-0122-6416
51121765002,240104-0122-6401
51241297002,730101-0101-3601
51121713004,250201-0322-6401
51161508005,761001-0222-6401
51111899000,550202-0122-6401
51142001007,650305-0722-5901
51111519002,542202-0122-0401
51432902000,260403-0122-6401
51291803000,690801-0122-6401
51182024000,410501-0122-0401
51432902001,260403-0222-6401
51142508000,670203-0322-6409
51201607001,520103-0215-2713
51171807001,700202-0122-6401
51401513000,680109-0122-6401
51191508000,210202-0122-6401
51191506001,210201-0122-6401
51142131001,540410-0222-0401
51201624001,520108-0115-2713
51142513000,670701-0122-6401
51141542002,680108-0430-2713
51141702005,681002-0622-6401
51313704000,780207-0122-6401
51241236000,280205-0101-4001
51201629001,520202-0109-2701
51201621004,520107-0109-2701
51201806006,520301-0330-2713
51161637002,681401-0122-6401
51171619000,060301-0222-5901
51101614000,710501-0122-6401
51151908000,600402-0122-0401
51241214000,330303-0101-0901
51201617003,531502-0109-2707
51101507011,480503-0122-6401
51181506039,100904-0215-2713
51201607002,520103-0115-2713
51382503000,230703-0122-5901
51101551002,480810-0122-2713
51202101001,530203-0134-2713
51181755006,440101-0122-6401
42143102002,410604-0222-2901
51131503006,160402-0122-6402
51101504001,481201-0130-2713
51141920007,680106-0322-5901
51182106000,430103-0122-2713
51101538003,481108-0130-2713
51441512001,870203-0137-2713
51191802026,120501-0121-2713
51131503010,160301-0130-2713
51192019001,130104-0130-2713
51201607005,520103-0109-2701
51201625000,532001-0109-2707
51211616000,520203-0134-2713
51101597002,330107-0101-0901
51201620000,531801-0109-2701
51191602092,170303-0701-2713
51141502001,660301-0122-6401
51201617001,520106-0115-2713
51201627001,530601-0134-2713
51201624000,530805-0238-2706
51142502000,670401-0422-6401
51201617002,520106-0215-2713
51201628003,531701-9999-2713
51201617006,520106-0215-2713
51294001004,040202-0122-0401
51201827000,720301-0122-6401
51191802040,170407-0136-2713
51182201004,400302-0222-0601
51101805007,280202-0101-0901
51171511006,020102-0322-6402
51191510008,210302-0130-2713
51152006000,600102-0230-2713
51191601018,170303-0601-2713
51171802004,040201-0130-2713
51131805001,150403-0130-2713
51142908029,640206-0301-2713
51161699003,310201-0122-0601
51212303003,801403-0122-5801
51142908033,640206-0401-2713
51142518001,670201-0130-2713
51211616001,520205-0134-2701
51202101003,530203-0134-2713
51201607008,520103-0209-2701
51372107015,650402-0130-5401
51141702010,681002-0430-2713
51241219001,320203-0101-0601
51111610002,543201-0230-2713
51212500003,870303-0130-2713
51351804000,410301-0222-2701
51101581000,480601-0522-4804
51101807004,280204-0130-2713
51201616001,531401-9999-6003
51181506043,100803-0115-2713
51142145002,570201-0230-2713
51161890008,780502-0330-6201
51191804003,170404-0137-2713
51101812002,280209-0101-0901
51281626007,440103-0146-3501
51112009011,570121-0222-6409
51131802025,150306-0309-2706
51151901013,600201-0330-2713
51201621003,530402-0109-2701
51131802031,150306-0209-2706
51151901008,600201-0230-2713
51152005002,600301-0109-2706
51201616004,531401-0199-5401
51201608001,530601-0134-2713
51241199004,540401-0130-2713
51201557001,760403-0122-2706
51101535003,480703-0122-2706
51151611001,030301-0146-2713
51102818000,330108-0199-4801
51131909004,170201-0101-2713
51201626000,530702-0103-2715
51182201008,400302-0130-2714
51201624003,530801-0146-2713
51142905006,640202-0201-2713
51191602069,120601-0101-5401
51413504000,250105-0130-2713
51182075000,411601-0230-2713
51102713005,801901-0101-5406
51161869001,740202-0201-5406
51201699000,530101-0199-6001
51121819001,150304-0122-2706
51191602011,120601-0101-5406
51302331000,280203-0122-2801
51142907001,310301-0101-5406
51191999904,801001-0101-0601
51151606002,801102-0201-5406
51191602073,120601-0101-5406
51141505002,660601-0522-6401
51101914004,710103-0522-5901
51101903001,710403-0222-6401
51142206019,650403-0322-6401
51142903003,640214-0130-2713
51182002003,411601-0101-0601
51142508003,670203-0141-6401
51142002004,010101-0322-6401
51142002003,010101-0222-6408
51109807005,480201-0222-6401
51181901002,410106-0209-2706
51142199003,570203-0122-2713
51142903002,640214-0230-2713
51201634001,530302-9999-2701
51141704008,680405-0122-6410
51102399019,510215-0122-6401
51141528005,660111-0522-6410
51201610002,531101-9999-2706
51151812006,240602-0230-5401
51141505018,660601-0430-5401
51101809001,280301-0130-3501
51142001016,651002-0122-6401
51101557004,481601-0130-6201
51191602019,120601-1401-2713
51273009000,640103-0322-2706
51172421000,070701-0230-6001
51171622000,060407-0121-2713
51101504005,481201-0222-4803
51161630004,780405-0122-6201
51142202005,770201-0130-6201
51101701002,720101-0130-6001
51181813007,410901-0122-6410
51142001019,651002-0130-6201
51111902005,541602-0320-2714
51151812003,240602-0330-3501
51101503007,330103-0230-3501
51171907004,680103-0122-6401
51131703001,140204-0209-4801
51171511008,020101-0122-0401
51372107003,650402-0230-2701
51161610003,310202-0130-6201
51202101002,530302-9999-2701
51372104000,650401-0122-6401
51452405000,720201-0122-6401
51181602001,450202-0241-6401
51102500015,070104-0209-6401
51181807000,410304-0141-6401
51191703000,170411-0121-2701
51101808001,280103-0122-6401
51182304001,430502-0230-2713
51111800005,540101-0322-6410
51201607000,530704-0241-2715
51142202001,770201-0230-6201
51141799007,681201-0122-6410
51201626001,530702-0115-2715
51161780007,230401-0122-6401
51151642000,420402-0122-6401
51111510000,541902-0122-0401
51322903000,270303-0122-6401
51422001001,430801-0230-2701
51172107003,030402-0122-5901
51181722016,760607-0241-4801
51142003015,070901-0222-6409
51201629003,530402-0134-2713
51371601002,651401-0130-6003
51241113000,830211-0130-2701
51161620006,780502-0222-2706
51201516002,570103-0122-2706
51121512000,190302-0130-2701
51201607003,530704-0241-2715
51112009012,540304-0122-6410
51201621002,530402-0115-2713
51102330000,330302-0101-0901
51201513001,560307-0341-2706
51202101000,530204-9999-2701
51181799002,801701-0201-5406
51142499001,400502-0141-6401
51441500006,840202-0122-2701
51241201004,280104-0101-4301
51142148005,801802-0301-5406
51131503007,160502-0230-5406
51191905032,111306-9999-2706
51281602000,481505-0104-2706
51102304001,510103-0104-4803
51151814000,800601-0102-5406
51182410001,620102-0122-2701
51401513001,680109-0146-6001
51151616000,030101-0201-5406
51101584008,801601-0101-5406
51421503001,801203-0101-6003
51101630000,801902-0101-5406
51101814000,280401-0101-5406
51111704001,541302-0101-5406
51201647001,560101-0322-2701
51201647004,560101-0422-4801
51421702000,840101-0141-2706
51161705003,760102-0141-2601
51442007002,802101-0101-5406
51181813004,410302-0141-2801
51242005000,380201-0101-0901
51294412001,690107-0222-6401
51201504009,570502-0522-0407
51201504008,570502-0622-0407
51141703007,680802-0622-6401
51121504001,190801-0222-6401
51191510007,210302-0422-6401
51141798004,680701-0322-6401
51121566001,240601-0322-6401
51121711003,200701-0122-6401
51123207000,191001-0222-0401
51151812005,240602-0422-6401
51140000001,700107-0222-0401
51178990003,030201-0322-5901
51283406001,480503-0222-6401
51121708001,200601-0222-6401
51241209007,380107-0229-0901
51142508005,670203-0822-6401
51102800001,710901-0222-6401
51101584007,330106-0201-4001
51102868001,340703-0124-4001
51191905036,110301-0222-6408
51142502005,670401-0522-6409
51161609000,780213-9999-6401
51142206005,650403-0630-2713
51141634004,680401-0122-6401
51161511002,310101-0201-0901
51181827002,410605-0222-6401
51102312004,510505-0222-6401
51102818001,330108-0209-4801
51102500006,340703-0204-0901
51102312005,510505-0230-6001
51102399013,510219-0222-6401
51141502003,660301-0230-3501
51202417000,570204-0230-2713
51181803007,410914-0141-6401
51402203001,680501-0222-6401
51102868000,340702-0124-0901
51101584012,481801-0330-2713
51181701006,320202-0101-4001
51341801000,510402-0322-6401
51391717001,190705-0330-2713
51171502000,020302-0222-6001
51171522001,120207-0107-6201
51142001012,651002-0422-6401
51151902000,600401-0322-0401
51142002007,280104-0222-6401
51181818004,411202-0230-2701
51142012002,580601-0130-6201
51131604007,140701-0822-6401
51181813012,410904-0122-6401
51171812004,681302-0230-2713
51102399016,510203-0122-6401
51171702001,070801-0130-5401
51171602001,060201-0330-6201
51142908030,640208-0330-2701
51241257000,300103-0130-2701
51201615005,531302-9999-2713
51382702000,580204-0122-6401
51181834001,410903-0141-6401
51182101002,430102-0541-6401
51151514002,700403-0130-6201
51101811002,280207-0122-6401
51121502006,190401-0422-6401
51101557003,481601-0322-0407
51102338005,510901-0130-6001
51142411003,650502-0222-6401
51202101005,530307-9999-2713
51141601004,690201-0130-3501
51142107005,190103-0522-0401
50501601001,120209-0237-6201
51191802003,120501-0118-2713
51131705004,140106-0122-6406
51201616000,531401-9999-2701
51142908026,640206-0601-5401
51201634000,530201-9999-2713
51352006002,410604-0522-2901
51141505003,660601-0530-2713
51192434000,170804-0230-2713
51131911000,160303-0230-2713
51191509001,060406-0301-2713
51142905002,640204-0130-2713
51241303013,120703-0330-5401
51102338004,510901-0230-6001
51241223000,320201-0144-0901
51111713000,570102-0230-2713
51142908039,640208-0430-2713
51121701001,200301-0230-2713
51151732003,190702-0101-2713
51101815005,340902-0112-0901
51121713002,250201-0130-2713
51102500013,340504-0125-0901
51312202000,780203-0230-6201
51241261000,330303-0201-5401
51201504013,570502-0722-2301
51191508001,210102-0122-0401
51433201000,200101-0222-6401
51191600003,170401-0121-2713
51101570011,480303-0322-2701
51211610005,830304-0107-6001
51152005007,520201-0134-2701
51121707006,250401-0230-3501
51212034001,590201-0130-0901
51101567002,480202-0322-2701
51142504000,670703-0122-6401
51201515003,570119-0130-5401
51101575001,481303-0204-2706
51102838000,340501-0201-4001
51111739000,542601-0222-6401
51181818006,411202-0422-2801
51151732002,190701-0330-2701
51413504002,250105-0222-2713
51433919000,250102-0122-6401
51201809005,560304-0115-2713
51142908014,640207-0201-2713
51131616003,140505-0109-2713
51101518009,481101-0230-2715
51433201001,200101-0122-6401
51181823001,411001-0141-6401
51191602028,120601-0121-2713
51142903001,640214-0330-2713
51201608002,530601-9999-2706
51182302001,430603-0209-2701
51141503000,660103-0122-6401
51122104003,030601-0230-2713
51181709003,440108-0230-2713
51433919001,250102-0222-6401
51111507002,541104-0522-6401
51241233001,370101-0201-0601
51342705001,560301-0109-2701
51422301000,340101-0101-0901
51102818002,330109-0112-4001
51191905044,110403-0122-6401
51191602094,120601-0221-2713
51171911002,020804-0130-6001
51102399004,510512-0222-6401
51281626004,481803-0230-2701
51131616004,140505-0209-2701
51171910001,090102-0209-6401
51131715001,540404-0122-6401
51102399010,510506-0122-6401
51142206007,650403-0730-2713
51143501004,670501-0122-6401
51131802011,150306-0609-2706
51131905004,170202-9999-2701
51181823000,411001-0241-6401
51182203002,400501-0117-2713
53131648029,720401-0122-6401
51372107001,650402-0330-2701
51101625000,070105-0101-4001
51152009001,600103-0230-2713
51352006000,410604-0622-6401
51111832000,550201-0122-6401
51111703001,541004-0130-2713
51102399007,510509-0122-6401
51121901000,190401-0130-2701
51102399022,511001-0322-2305
51342711000,560305-0146-2713
51281628000,500101-0104-2706
51191905038,090102-0309-2301
51331901002,681501-0322-6401
51182201005,400302-0144-0601
51102304002,510103-0222-6406
51102399014,510507-0122-6401
51111510002,541902-0222-0401
51171802003,040201-0146-6201
50501701006,130208-0104-4801
51191602067,120601-1601-5601
51342300000,510304-0130-2713
51191905031,160401-0130-2713
51101555001,480401-0122-4803
51172322000,830203-0130-2713
51181807002,410910-0441-6401
51124304000,190603-0230-2701
51101836009,130306-0230-2713
51111610016,543201-0422-2701
51162745000,420305-0122-6401
51102399009,510520-0122-6401
51191510009,210302-0322-6401
51241219000,320203-0201-0601
51124202000,190601-0130-2701
51191705008,120503-0130-5401
51191902011,170301-0601-2713
51282002000,330102-0104-4001
51202419001,540708-0230-2713
50501512000,110406-0230-5406
51191905041,090102-0409-6401
51131616002,140504-0109-2701
51172319003,801010-0230-5406
51152005009,520201-0130-2713
51182300000,430701-0230-2713
51171973004,560104-0115-2713
51111510001,541902-0322-0401
51321608000,230803-0101-2713
51422302002,760301-0141-2601
51111606002,540413-0322-0401
51303404001,490302-0222-2701
51161701000,770101-0101-2701
51422302004,760301-0241-2601
51391737000,400701-0130-2713
51191802004,170405-0301-2713
51191905054,110105-0122-6401
51473401002,360101-9999-3701
51121519000,190602-0122-0401
51201608004,530901-9999-2701
51263125000,800602-0101-5406
51342702000,510602-0122-2701
51211615000,830209-0230-2713
51342712000,560307-0241-2706
51241214001,330303-0201-0601
51151602002,670301-0322-6401
51111866000,400304-0141-2701
51281654000,070103-0104-2706
51182428007,540717-0122-2701
51201503005,570114-0130-4801
51101905000,710401-0430-2713
51111606004,540413-0422-0401
51172319002,130206-0322-0401
51142518000,670201-0230-2713
51191510005,210302-0522-6401
51101555002,480401-0204-2701
51142002008,280104-0401-5201
51441605000,840203-0122-2713
51101836008,830215-0101-2701
51191905090,110107-0115-2713
51201615000,531302-9999-2713
51101613001,710603-0130-2713
51183403000,101101-0122-6401
51401553000,680110-0122-0401
51161869000,740202-0301-5406
51212503011,150308-0109-4801
51181704000,801201-0301-4001
51111860000,540416-0122-6401
51201572000,140601-0122-2701
51391737001,400701-0122-6401
53131501003,010301-0201-5401
51121519001,190602-0222-6409
51151636000,840201-0130-2701
51102099002,840501-0339-2701
51152005000,520201-9999-2701
51152005008,600302-0115-2713
51121517000,191001-0130-2701
51191902010,190102-0122-0401
51201513004,560307-0141-2706
51141516000,660501-0130-2713
51182416001,620104-0122-2706
51371803002,651101-0122-2701
51111758002,540718-0122-2701
51102707027,010202-0201-0601
51192003000,610301-0122-6401
51181822000,410302-0130-2701
51111745000,540711-0122-2713
51241218003,280107-0346-2713
51361917000,680302-0130-2713
51472601000,750101-0122-9999
51262407000,761002-0230-2713
51212303001,801403-0101-5406
51131802035,830202-0122-2701
51142202006,770201-0330-2713
51203802000,570106-0122-2713
51191902001,170103-0104-4801
51241228002,090103-0109-6401
51141530012,660108-0130-6001
51201516001,570103-0130-2713
50501701005,130208-0204-4801
51342401000,510403-0130-6001
51321601000,350103-0130-2701
51191706000,170803-0122-5401
51181704001,801201-0201-5406
51211610004,830301-0104-4801
51101602000,710601-0101-0901
50501523001,110403-0130-5401
51401525001,830104-0109-4803
51203903001,580801-0330-2701
51241222001,730102-0101-5601
51361903000,680301-0130-2706
51171599003,060410-0104-4801
51142018003,830501-0201-2713
51111604002,541502-0122-4803
51433921000,250103-0146-2713
51111908001,540601-0130-4803
51101604000,710801-0230-2701
51161508007,761001-0530-6001
51441577008,870101-0130-6001
51102902001,710301-0130-3501
51151616010,030101-0141-2701
51171840000,030402-0322-4301
51181709000,740406-0129-4101
51121610000,830212-0101-2701
51171631001,160205-0204-4801
51201623000,531901-0141-2713
51171631010,801002-0101-5406
51171633000,060501-0141-0401
51172008000,050102-0122-0401
51191606001,120301-0122-6401
51201801000,630201-0141-2713
51241114002,700801-0301-5406
51241299004,801011-9999-5406
51241299006,290305-9999-4001
12171616000,830205-0122-0401
51102312002,510505-0104-4803
51102500008,070101-0109-4001
51111800004,681701-0130-3501
51131802026,150307-0122-2701
51142906001,230103-0101-5406
51473102000,350101-9999-1801
51173001004,070201-9999-5901
51161699005,310201-0101-0601
51201807000,520102-0109-2701
51241299007,801810-0301-5406
51161705000,760501-0141-2601
51142908019,640206-0501-2701
51131598001,160206-0141-2713
51241867000,290301-0104-4001
51441500010,870501-0130-2713
51241215000,330304-0130-0901
51171631012,160205-0304-4801
51191800002,350104-9999-4801
51241526000,802001-0101-5406
51181621000,840401-0141-2701
51422203001,801205-0101-5406
51182499000,620204-0104-2301
53131616006,150601-9999-0901
51111774000,540421-0122-0401
51131908001,170207-0101-2713
51393604001,760503-0141-4801
51101920000,710102-0122-0401
51313203000,570102-0101-5406
51171643003,801002-0201-5406
51461605000,880101-0146-2713
51142138004,580203-0301-5406
51101668000,710602-0101-5401
51171600002,060603-0101-2301
51191701002,580205-0130-2713
51181506021,100801-0415-2713
51111901001,540406-9999-2706
51183611003,130309-0122-2713
51161890000,780504-9999-6201
51201600006,531003-9999-2713
51171622005,060407-9999-1701
51131802032,150306-0709-2701
51201615002,531302-9999-2713
51102500007,801704-9999-4001
51201629000,530401-0134-2713
51202101004,530308-9999-2701
51141812001,680901-0141-2701
51241232004,801017-9999-2713
51102099000,840501-0239-2701
51172502000,030102-9999-2701
51313421000,740201-0101-5406
